cat,count
[Pd],36385
CN(C)c1ccncc1,12856
c1ccc([P](c2ccccc2)(c2ccccc2)[Pd]([P](c2ccccc2)(c2ccccc2)c2ccccc2)([P](c2ccccc2)(c2ccccc2)c2ccccc2)[P](c2ccccc2)(c2ccccc2)c2ccccc2)cc1,12700
CC(=O)[O-].CC(=O)[O-].[Pd+2],5850
O=C(/C=C/c1ccccc1)/C=C/c1ccccc1.O=C(/C=C/c1ccccc1)/C=C/c1ccccc1.O=C(/C=C/c1ccccc1)/C=C/c1ccccc1.[Pd].[Pd],5814
Cl[Pd]Cl.[Fe+2].c1ccc(P(c2ccccc2)[c-]2cccc2)cc1.c1ccc(P(c2ccccc2)[c-]2cccc2)cc1,5445
[Fe],5268
[Ni],5102
[Cu]I,4106
CN(C)C=O,4023
Cl[Pd](Cl)([P](c1ccccc1)(c1ccccc1)c1ccccc1)[P](c1ccccc1)(c1ccccc1)c1ccccc1,3524
[Zn],3514
[C].[Pd],3498
Cl[Pd](Cl)([P](c1ccccc1)(c1ccccc1)c1ccccc1)[P](c1ccccc1)(c1ccccc1)c1ccccc1.[Cu]I,2903
[OH-].[OH-].[Pd+2],2683
[Pd].c1ccc(P(c2ccccc2)c2ccccc2)cc1.c1ccc(P(c2ccccc2)c2ccccc2)cc1.c1ccc(P(c2ccccc2)c2ccccc2)cc1.c1ccc(P(c2ccccc2)c2ccccc2)cc1,1789
[Mn+4].[O-2].[O-2],1785
CCCC[N+](CCCC)(CCCC)CCCC.[Br-],1570
[Pt],1546
CC(=O)[O-].CC(=O)[O-].[Cu+2],1420
CCCC[N+](CCCC)(CCCC)CCCC.[I-],1410
O=[Pt]=O,1319
[Cl-].[Cl-].[Zn+2],1182
[Cu],1162
O=[Pt],1128
Cl[Ti](Cl)(Cl)Cl,1115
O=[Mn]=O,1057
ClCCl.Cl[Pd]Cl.[Fe+2].c1ccc(P(c2ccccc2)[c-]2cccc2)cc1.c1ccc(P(c2ccccc2)[c-]2cccc2)cc1,1008
CC(=O)O,974
I[Cu]I,970
[Cu]I.c1ccc([P](c2ccccc2)(c2ccccc2)[Pd]([P](c2ccccc2)(c2ccccc2)c2ccccc2)([P](c2ccccc2)(c2ccccc2)c2ccccc2)[P](c2ccccc2)(c2ccccc2)c2ccccc2)cc1,879
Cl,825
O=S(=O)(O)O,811
C1CCNCC1,715
CCCC[N+](CCCC)(CCCC)CCCC.O=S(=O)([O-])O,706
Cl[Cu],691
O=[Os](=O)(=O)=O,633
CC[N+](CC)(CC)Cc1ccccc1.[Cl-],615
[C-]#N.[C-]#N.[Zn+2].c1ccc([P](c2ccccc2)(c2ccccc2)[Pd]([P](c2ccccc2)(c2ccccc2)c2ccccc2)([P](c2ccccc2)(c2ccccc2)c2ccccc2)[P](c2ccccc2)(c2ccccc2)c2ccccc2)cc1,593
Cc1ccc(S(=O)(=O)O)cc1,580
C[P+](c1ccccc1)(c1ccccc1)c1ccccc1.[Br-],579
O=C(OOC(=O)c1ccccc1)c1ccccc1,562
CC(C)[O-].CC(C)[O-].CC(C)[O-].CC(C)[O-].[Ti+4],534
Cl[Pd]Cl.c1ccc(P(c2ccccc2)c2ccccc2)cc1.c1ccc(P(c2ccccc2)c2ccccc2)cc1,477
O=S(=O)([O-])[O-].[Cu+2],461
CCC[N+](CCC)(CCC)CCC.O=[Ru](=O)(=O)[O-],430
CC(C)(C#N)N=NC(C)(C)C#N,410
O,409
[Cr+6].[O-2].[O-2].[O-2],390
Cl[Pd]Cl,361
O=C(/C=C/c1ccccc1)/C=C/c1ccccc1.O=C(/C=C/c1ccccc1)/C=C/c1ccccc1.[Pd],353
[Cu]Br,348
Cc1ccc(S(=O)(=O)O)cc1.O,338
[Rh],336
Cl[Pd](Cl)([P](c1ccccc1)(c1ccccc1)c1ccccc1)[P](c1ccccc1)(c1ccccc1)c1ccccc1.I[Cu]I,324
[I-].[K+],317
Cl[Pd]Cl.c1ccc(P(c2ccccc2)c2ccccc2)cc1.c1ccc(P(c2ccccc2)c2ccccc2)cc1.[Cu]I,314
c1ccncc1,298
CC(C)(C)[P]([Pd][P](C(C)(C)C)(C(C)(C)C)C(C)(C)C)(C(C)(C)C)C(C)(C)C,286
CCN(CC)CC,283
Cl[Cu]Cl,262
CC1(C)c2cccc(P(c3ccccc3)c3ccccc3)c2Oc2c(P(c3ccccc3)c3ccccc3)cccc21.O=C(/C=C/c1ccccc1)/C=C/c1ccccc1.O=C(/C=C/c1ccccc1)/C=C/c1ccccc1.O=C(/C=C/c1ccccc1)/C=C/c1ccccc1.[Pd].[Pd],239
CCCCCCCC[N+](C)(CCCCCCCC)CCCCCCCC.[Cl-],232
Cl[Ni]Cl.O.O.O.O.O.O,231
c1ccc(P(c2ccccc2)c2ccc3ccccc3c2-c2c(P(c3ccccc3)c3ccccc3)ccc3ccccc23)cc1.O=C(/C=C/c1ccccc1)/C=C/c1ccccc1.O=C(/C=C/c1ccccc1)/C=C/c1ccccc1.O=C(/C=C/c1ccccc1)/C=C/c1ccccc1.[Pd].[Pd],229
O=[N+]([O-])[O-].[Ag+],209
CC(=O)[O-].CC(=O)[O-].[Pd+2].[Fe+2].c1ccc(P(c2ccccc2)[c-]2cccc2)cc1.c1ccc(P(c2ccccc2)[c-]2cccc2)cc1,205
CCCC[N+](CCCC)(CCCC)CCCC.[Cl-],198
[Br-].[Br-].[Zn+2],198
ClCCl.Cl[Pd]Cl.[CH]1[CH][CH][C]([PH+](c2ccccc2)c2ccccc2)[CH]1.[CH]1[CH][CH][C]([PH+](c2ccccc2)c2ccccc2)[CH]1.[Fe],198
O=[Ag],197
[Fe+2].c1ccc(P(c2ccccc2)[c-]2cccc2)cc1.c1ccc(P(c2ccccc2)[c-]2cccc2)cc1,197
[I-].[Na+],194
[C-]#N.[C-]#N.[Zn+2],193
[Cl-].[Cl-].[Zn+2].c1ccc([P](c2ccccc2)(c2ccccc2)[Pd]([P](c2ccccc2)(c2ccccc2)c2ccccc2)([P](c2ccccc2)(c2ccccc2)c2ccccc2)[P](c2ccccc2)(c2ccccc2)c2ccccc2)cc1,181
O=C([O-])[O-].[Ag+2],172
C1COCCOCCOCCOCCOCCO1,170
CN(C)c1ccc(P(C(C)(C)C)C(C)(C)C)cc1.CN(C)c1ccc(P(C(C)(C)C)C(C)(C)C)cc1.Cl[Pd]Cl,169
O=S(=O)([O-])[O-].[Ag+2],168
O=[Cu-],166
[I-].[I-].[Zn+2],166
Cl[Pd]Cl.[Fe+2].c1ccc(P(c2ccccc2)[c-]2cccc2)cc1.c1ccc(P(c2ccccc2)[c-]2cccc2)cc1.Cl[Pd]Cl.[Fe+2].c1ccc(P(c2ccccc2)[c-]2cccc2)cc1.c1ccc(P(c2ccccc2)[c-]2cccc2)cc1,163
CC(=O)[O-].CC(=O)[O-].[Pd+2].Cc1ccccc1P(c1ccccc1C)c1ccccc1C,157
[Na+].[OH-],156
CC(=O)[O-].CC(=O)[O-].[Pd+2].c1ccc(P(c2ccccc2)c2ccc3ccccc3c2-c2c(P(c3ccccc3)c3ccccc3)ccc3ccccc23)cc1,156
CC(=O)[O-].CC(=O)[O-].[Pb+2].[Pd],155
CC(=O)[O-].CC(=O)[O-].[Pd+2].CCCC[N+](CCCC)(CCCC)CCCC.[Br-],152
[Cl-].[Cl-].[Cl-].[Ti+3],150
Cl.[Pd],150
[Mn+4].[O-2].[O-2].[Mn+4].[O-2].[O-2],149
Cl[Ni]Cl,148
[C-]#N.[C-]#N.[Zn+2].[Fe+2].c1ccc(P(c2ccccc2)[c-]2cccc2)cc1.c1ccc(P(c2ccccc2)[c-]2cccc2)cc1.O=C(/C=C/c1ccccc1)/C=C/c1ccccc1.O=C(/C=C/c1ccccc1)/C=C/c1ccccc1.O=C(/C=C/c1ccccc1)/C=C/c1ccccc1.[Pd].[Pd],147
O=C(C=Cc1ccccc1)C=Cc1ccccc1.O=C(C=Cc1ccccc1)C=Cc1ccccc1.O=C(C=Cc1ccccc1)C=Cc1ccccc1.[Pd].[Pd],144
CC[O-].CC[O-].CC[O-].CC[O-].[Ti+4],142
CC(=O)[O-].CC(=O)[O-].[Pd+2].CC(=O)[O-].CC(=O)[O-].[Pd+2],141
O=C(O)C(F)(F)F,135
C[N+](C)(C)Cc1ccccc1.[Cl-],128
[Cl-].[Rh].c1ccc(P(c2ccccc2)c2ccccc2)cc1.c1ccc(P(c2ccccc2)c2ccccc2)cc1.c1ccc(P(c2ccccc2)c2ccccc2)cc1,128
CC(=O)[O-].CC(=O)[O-].[Pd+2].c1ccc(P(c2ccccc2)c2ccccc2)cc1,127
Cl[Ti](Cl)(Cl)Cl.[Zn],126
Cl[Fe](Cl)Cl,124
Cl[Pd]Cl.[Fe+2].c1ccc(P(c2ccccc2)[c-]2cccc2)cc1.c1ccc(P(c2ccccc2)[c-]2cccc2)cc1.O,122
O=S(=O)([O-])[O-].[Ba+2].[Pd],120
Cc1ccc(S(=O)(=O)[O-])cc1.c1cc[nH+]cc1,116
Cl[Pd]Cl.[Fe+2].c1ccc(P(c2ccccc2)[c-]2cccc2)cc1.c1ccc(P(c2ccccc2)[c-]2cccc2)cc1.[Fe+2].c1ccc(P(c2ccccc2)[c-]2cccc2)cc1.c1ccc(P(c2ccccc2)[c-]2cccc2)cc1,115
Cl[Pd]Cl.[Fe+2].c1ccc(P(c2ccccc2)[c-]2cccc2)cc1.c1ccc(P(c2ccccc2)[c-]2cccc2)cc1.c1ccc([P](c2ccccc2)(c2ccccc2)[Pd]([P](c2ccccc2)(c2ccccc2)c2ccccc2)([P](c2ccccc2)(c2ccccc2)c2ccccc2)[P](c2ccccc2)(c2ccccc2)c2ccccc2)cc1,110
CN(C)c1ccccn1,109
[C].[OH-].[OH-].[Pd+2],108
CC(=O)[O-].CC(=O)[O-].[Rh+2],108
CO,107
CC(=O)[O-].CC(=O)[O-].[Pd+2].CC(C)(C)P(c1ccccc1-c1ccccc1)C(C)(C)C,107
[C-]#N.[C-]#N.[Zn+2].[Pd].c1ccc(P(c2ccccc2)c2ccccc2)cc1.c1ccc(P(c2ccccc2)c2ccccc2)cc1.c1ccc(P(c2ccccc2)c2ccccc2)cc1.c1ccc(P(c2ccccc2)c2ccccc2)cc1,102
CC(=O)[O-].CC(=O)[O-].[Pd+2].CCCC[N+](CCCC)(CCCC)CCCC.[Cl-],101
[OH-].[OH-].[Pd+2].[OH-].[OH-].[Pd+2],99
[Mn+2].[O-2],99
ClC(Cl)Cl.O=C(/C=C/c1ccccc1)/C=C/c1ccccc1.O=C(/C=C/c1ccccc1)/C=C/c1ccccc1.O=C(/C=C/c1ccccc1)/C=C/c1ccccc1.[Pd].[Pd],95
CC1(C)CCCC(C)(C)N1[O],94
O.O.O.O.O.O=S(=O)([O-])[O-].[Cu+2],91
Cc1ccccc1[P](c1ccccc1C)(c1ccccc1C)[Pd](Cl)(Cl)[P](c1ccccc1C)(c1ccccc1C)c1ccccc1C,91
Cl[Ni](Cl)([P](c1ccccc1)(c1ccccc1)c1ccccc1)[P](c1ccccc1)(c1ccccc1)c1ccccc1,91
II,89
[Fe+2].c1ccc(P(c2ccccc2)[c-]2cccc2)cc1.c1ccc(P(c2ccccc2)[c-]2cccc2)cc1.Cl[Pd]Cl,89
[Ru],88
F[B-](F)(F)F.[Ag+],88
O=[Ag-],88
Cl[Pd]Cl.c1ccc(P(c2ccccc2)c2ccccc2)cc1.c1ccc(P(c2ccccc2)c2ccccc2)cc1.I[Cu]I,88
O=[Cu],86
[Fe+2].c1ccc(P(c2ccccc2)[c-]2cccc2)cc1.c1ccc(P(c2ccccc2)[c-]2cccc2)cc1.O=C(/C=C/c1ccccc1)/C=C/c1ccccc1.O=C(/C=C/c1ccccc1)/C=C/c1ccccc1.O=C(/C=C/c1ccccc1)/C=C/c1ccccc1.[Pd].[Pd],83
Cl[Pd]Cl.[CH]1[CH][CH][C](P(c2ccccc2)c2ccccc2)[CH]1.[CH]1[CH][CH][C](P(c2ccccc2)c2ccccc2)[CH]1.[Fe],83
[Cl-].[Cl-].[Cl-].[Cl-].[Zr+4],82
O=S(=O)([O-])C(F)(F)F.O=S(=O)([O-])C(F)(F)F.O=S(=O)([O-])C(F)(F)F.[Yb+3],81
CCCC[N+](CCCC)(CCCC)CCCC.CCCC[N+](CCCC)(CCCC)CCCC.O=S(=O)([O-])[O-],80
CC(=O)[O-].CC(=O)[O-].[Pd+2].[Cu]I,79
Cl[Co]Cl,78
CC(C)O[Ti](OC(C)C)(OC(C)C)OC(C)C,78
CS(C)=O,78
CC[N+](CC)(CC)CC.[Cl-],76
O=C(/C=C/c1ccccc1)/C=C/c1ccccc1.O=C(/C=C/c1ccccc1)/C=C/c1ccccc1.[Pd].[Zn],76
CC#N.CC#N.Cl[Pd]Cl,75
CC(C)c1cc(C(C)C)c(-c2ccccc2P(C2CCCCC2)C2CCCCC2)c(C(C)C)c1.O=C(/C=C/c1ccccc1)/C=C/c1ccccc1.O=C(/C=C/c1ccccc1)/C=C/c1ccccc1.O=C(/C=C/c1ccccc1)/C=C/c1ccccc1.[Pd].[Pd],75
CCO,74
[C-]#N.[C-]#N.[Zn+2].[Fe+2].c1ccc(P(c2ccccc2)[c-]2cccc2)cc1.c1ccc(P(c2ccccc2)[c-]2cccc2)cc1.O=C(/C=C/c1ccccc1)/C=C/c1ccccc1.O=C(/C=C/c1ccccc1)/C=C/c1ccccc1.O=C(/C=C/c1ccccc1)/C=C/c1ccccc1.[Pd].[Pd].[Zn],74
Cc1c(CCO)sc[n+]1Cc1ccccc1.[Cl-],74
[Cu]I.c1ccc([P]([Pd][P](c2ccccc2)(c2ccccc2)c2ccccc2)(c2ccccc2)c2ccccc2)cc1,74
Cl[Pd-2](Cl)([PH](c1ccccc1)(c1ccccc1)c1ccccc1)[PH](c1ccccc1)(c1ccccc1)c1ccccc1,74
ClCCl,73
[Co],73
O=C([O-])C(F)(F)F.[Ag+],73
CC(=O)O.CC(=O)O.CC(=O)O.CC(=O)O.[Rh].[Rh],72
Br[Cu]Br,71
CN(C)C=O.CN(C)c1ccncc1,69
I[Cu]I.c1ccc([P](c2ccccc2)(c2ccccc2)[Pd]([P](c2ccccc2)(c2ccccc2)c2ccccc2)([P](c2ccccc2)(c2ccccc2)c2ccccc2)[P](c2ccccc2)(c2ccccc2)c2ccccc2)cc1,69
CC(=O)[O-].CC(=O)[O-].[Pd+2].CC1(C)c2cccc(P(c3ccccc3)c3ccccc3)c2Oc2c(P(c3ccccc3)c3ccccc3)cccc21,66
CC[P+](c1ccccc1)(c1ccccc1)c1ccccc1.[Br-],65
CC[N+](CC)(CC)Cc1ccccc1.[Br-],64
O=S(=O)([O-])C(F)(F)F.[Ag+],63
C1CCNCC1.CC(=O)O,62
C[O-].[Na+],62
c1ccc([P]([Pd][P](c2ccccc2)(c2ccccc2)c2ccccc2)(c2ccccc2)c2ccccc2)cc1,62
CC(=O)O[Cu]OC(C)=O,61
BrCCBr,60
Cc1cc(C)c(N2CCN(c3c(C)cc(C)cc3C)C2=[Ru](Cl)(Cl)(=Cc2ccccc2)[P](C2CCCCC2)(C2CCCCC2)C2CCCCC2)c(C)c1,60
O=[Hg],59
CC(=O)O.[Pd],58
[Au],58
Cl[Fe](Cl)Cl.O.O.O.O.O.O,57
Cl[Ni]1(Cl)[P](c2ccccc2)(c2ccccc2)CCC[P]1(c1ccccc1)c1ccccc1,57
CC(C)(C)P([c-]1cccc1)C(C)(C)C.CC(C)(C)P([c-]1cccc1)C(C)(C)C.Cl[Pd]Cl.[Fe+2],56
[Cu].[Zn],55
Cl[Cu].Cl[Cu]Cl,55
c1ccc([PH](c2ccccc2)(c2ccccc2)[Pd-4]([PH](c2ccccc2)(c2ccccc2)c2ccccc2)([PH](c2ccccc2)(c2ccccc2)c2ccccc2)[PH](c2ccccc2)(c2ccccc2)c2ccccc2)cc1,55
O=S(=O)([O-])C(F)(F)F.O=S(=O)([O-])C(F)(F)F.[Cu+2],54
[OH-].[OH-].[Pd+2].[Pd],53
CS(=O)(=O)O,53
O.O.O=[W](=O)([O-])[O-].[Na+].[Na+],53
Cl[Pd](Cl)([P](c1ccccc1)(c1ccccc1)c1ccccc1)[P](c1ccccc1)(c1ccccc1)c1ccccc1.[Cu]I.c1ccc(P(c2ccccc2)c2ccccc2)cc1,53
C[N+](C)(C)C.[Cl-],50
CC(=O)[O-].CC(=O)[O-].CC(=O)[O-].[Rh+3],50
Cl[Pt-2](Cl)(Cl)(Cl)(Cl)Cl.[H+].[H+],49
[Ti],48
CC1(C)C2CCC1(CS(=O)(=O)O)C(=O)C2,48
[Cu]I.[Pd].c1ccc(P(c2ccccc2)c2ccccc2)cc1.c1ccc(P(c2ccccc2)c2ccccc2)cc1.c1ccc(P(c2ccccc2)c2ccccc2)cc1.c1ccc(P(c2ccccc2)c2ccccc2)cc1,48
CC(=O)[O-].[Rh+],48
Cl[Co]Cl.O.O.O.O.O.O,47
[Cl-].[Cl-].[Zn+2].[Pd].c1ccc(P(c2ccccc2)c2ccccc2)cc1.c1ccc(P(c2ccccc2)c2ccccc2)cc1.c1ccc(P(c2ccccc2)c2ccccc2)cc1.c1ccc(P(c2ccccc2)c2ccccc2)cc1,47
CC(C)c1cc(C(C)C)c(-c2ccccc2P(C2CCCCC2)C2CCCCC2)c(C(C)C)c1.Cl[Pd+].NCCc1[c-]cccc1,47
Cl[Ru](Cl)Cl,47
Cc1cc(C)c(N2CCN(c3c(C)cc(C)cc3C)C2=[Ru](Cl)(Cl)=Cc2ccccc2OC(C)C)c(C)c1,46
Cl[Pd]Cl.[Cu]I,46
CC(C)(C)O.O=[Os](=O)(=O)=O,46
O=S(=O)(O)C(F)(F)F,45
O.c1ccc([P](c2ccccc2)(c2ccccc2)[Pd]([P](c2ccccc2)(c2ccccc2)c2ccccc2)([P](c2ccccc2)(c2ccccc2)c2ccccc2)[P](c2ccccc2)(c2ccccc2)c2ccccc2)cc1,45
[C-]#N.[C-]#N.[Zn+2].O=C(/C=C/c1ccccc1)/C=C/c1ccccc1.O=C(/C=C/c1ccccc1)/C=C/c1ccccc1.O=C(/C=C/c1ccccc1)/C=C/c1ccccc1.[Pd].[Pd],44
Cl[Pd]Cl.[Fe+2].c1ccc(P(c2ccccc2)[c-]2cccc2)cc1.c1ccc(P(c2ccccc2)[c-]2cccc2)cc1.[Cu]I,44
ClCCl.Cl[Pd]Cl.[Fe+2].c1ccc(P(c2ccccc2)[c-]2cccc2)cc1.c1ccc(P(c2ccccc2)[c-]2cccc2)cc1.ClCCl.Cl[Pd]Cl.[Fe+2].c1ccc(P(c2ccccc2)[c-]2cccc2)cc1.c1ccc(P(c2ccccc2)[c-]2cccc2)cc1,44
Br,43
CC(=O)O[Pd]OC(C)=O,43
CC(=O)[O-].CC(=O)[O-].O.[Cu+2],43
C1CCC2=NCCCN2CC1,43
[Al+3].[Cl-].[Cl-].[Cl-],42
CC(=O)O.CC(=O)O.[Pd],42
ClC(Cl)Cl.O=C(/C=C/c1ccccc1)/C=C/c1ccccc1.O=C(/C=C/c1ccccc1)/C=C/c1ccccc1.O=C(/C=C/c1ccccc1)/C=C/c1ccccc1.[Pd].[Pd].[Cu]I,42
CC(=O)[O-].CC(=O)[O-].[Pd+2].c1ccc(P(CCCP(c2ccccc2)c2ccccc2)c2ccccc2)cc1,42
O=C(/C=C/c1ccccc1)/C=C/c1ccccc1.O=C(/C=C/c1ccccc1)/C=C/c1ccccc1.O=C(/C=C/c1ccccc1)/C=C/c1ccccc1.[Pd].[Pd].[Zn],42
[W],41
CC(=O)O[Hg]OC(C)=O,41
O=[Os],41
ClC(Cl)(Cl)Cl,40
[Cu].[Cu]I,40
Cl[Ru](Cl)Cl.O,39
Cl[Pd]Cl.N#Cc1ccccc1.N#Cc1ccccc1,39
CC(C)c1cc(C(C)C)c(-c2ccccc2P(C2CCCCC2)C2CCCCC2)c(C(C)C)c1.Nc1ccccc1-c1ccccc1[Pd]Cl,39
[Al].[Ni],38
CCCC[N+](CCCC)(CCCC)Cc1ccccc1.[Cl-],38
On1nnc2ccccc21,38
N,38
O=[Pd],37
c1ccc(P(c2ccccc2)c2ccc3ccccc3c2-c2c(P(c3ccccc3)c3ccccc3)ccc3ccccc23)cc1,37
[Cl-].[Cl-].[Zn+2].[Cl-].[Cl-].[Zn+2],37
Cl[Fe]Cl,36
O=[V](=O)[O-].[NH4+].[Pt],36
Cl.[Fe],35
[Ag],35
Cc1cc(C(C)(C)C)c(O)c(C(C)(C)C)c1,35
CC(C)(C)P(C(C)(C)C)C(C)(C)C.O=C(/C=C/c1ccccc1)/C=C/c1ccccc1.O=C(/C=C/c1ccccc1)/C=C/c1ccccc1.O=C(/C=C/c1ccccc1)/C=C/c1ccccc1.[Pd].[Pd],35
O=[Mo](=O)=O,35
CCCC[N+](CCCC)(CCCC)CCCC.[Br-].c1ccc([P](c2ccccc2)(c2ccccc2)[Pd]([P](c2ccccc2)(c2ccccc2)c2ccccc2)([P](c2ccccc2)(c2ccccc2)c2ccccc2)[P](c2ccccc2)(c2ccccc2)c2ccccc2)cc1,35
O=C([O-])[O-].[K+].[K+],34
CCCC[P+](CCCC)(CCCC)CCCC.[Br-],34
CCCC[N+](CCCC)(CCCC)CCCC.[F-],34
CCCCCCCCCCCCCCCC[N+](C)(C)C.[Br-],34
CC(=O)[O-].CC(=O)[O-].[Pd+2].[Pd],34
O=C(/C=C/c1ccccc1)/C=C/c1ccccc1.O=C(/C=C/c1ccccc1)/C=C/c1ccccc1.O=C(/C=C/c1ccccc1)/C=C/c1ccccc1.[Pd].[Pd].[Cu]I,34
Cl[Ni]Cl.c1ccc(P(CCCP(c2ccccc2)c2ccccc2)c2ccccc2)cc1,34
Br[Ni]Br,33
CC(=O)[O-].[Ag+],33
O=[Pt].[Pd],33
CCC[N+](CCC)(CCC)CCC.O=[Ru](=O)(=O)[O-].CCC[N+](CCC)(CCC)CCC.O=[Ru](=O)(=O)[O-],32
CCOCC.FB(F)F,32
CCCCCCCCCCCCCCCC[N+](C)(C)C.[Cl-],32
COc1ccccc1,32
CC(=O)[O-].CC(=O)[O-].[Pd+2].COc1ccc(S(=O)(=O)[O-])c(OC)c1-c1ccccc1P(C1CCCCC1)C1CCCCC1.[Na+],32
O=S(=O)([O-])[O-].[Fe+2],31
Cl.c1ccncc1,31
[H][H].[Pd],30
CC(=O)[O-].CC(=O)[O-].[Pd+2].c1ccc([P](c2ccccc2)(c2ccccc2)[Pd]([P](c2ccccc2)(c2ccccc2)c2ccccc2)([P](c2ccccc2)(c2ccccc2)c2ccccc2)[P](c2ccccc2)(c2ccccc2)c2ccccc2)cc1,30
CC(Br)Br,30
Cl[Hg]Cl,30
CC(C)(C)[O-].[K+],30
CC(Br)Br.[Zn],30
O=S(=O)([O-])[O-].[Ag+].[Ag+],29
[Na],29
O=S(=O)([O-])C(F)(F)F.O=S(=O)([O-])C(F)(F)F.O=S(=O)([O-])C(F)(F)F.[Sc+3],28
O=P(O)(O)O,28
CCN(C(C)C)C(C)C,28
CCCC[O-].CCCC[O-].CCCC[O-].CCCC[O-].[Ti+4],28
CCCC[N+](C)(CCCC)CCCC.[Cl-],28
C[Re](=O)(=O)=O,28
Cl[Ru](Cl)(=Cc1ccccc1)([P](C1CCCCC1)(C1CCCCC1)C1CCCCC1)[P](C1CCCCC1)(C1CCCCC1)C1CCCCC1,28
C.[Pd],27
O.O=[Pt]=O,27
[C].[Pt],27
[Hg],27
c1ccc2c(c1)Nc1ccccc1S2,27
[O-2].[Zn+2],27
Cl[Pd]Cl.c1ccc(P(c2ccccc2)c2ccccc2)cc1,27
[Cu]Br.c1ccc(P(c2ccccc2)c2ccccc2)cc1.c1ccc(P(c2ccccc2)c2ccccc2)cc1.c1ccc(P(c2ccccc2)c2ccccc2)cc1,27
[Pd].c1ccc(P(c2ccccc2)c2ccccc2)cc1.c1ccc(P(c2ccccc2)c2ccccc2)cc1.c1ccc(P(c2ccccc2)c2ccccc2)cc1.c1ccc(P(c2ccccc2)c2ccccc2)cc1.c1ccc([P](c2ccccc2)(c2ccccc2)[Pd]([P](c2ccccc2)(c2ccccc2)c2ccccc2)([P](c2ccccc2)(c2ccccc2)c2ccccc2)[P](c2ccccc2)(c2ccccc2)c2ccccc2)cc1,27
Clc1cc[c-](P(c2ccccc2)c2ccccc2)c1Cl.[Fe+2].[Pd+2].c1ccc(P(c2ccccc2)[c-]2cccc2)cc1,27
CC(=O)[O-].CC(=O)[O-].[Cu+2].CC(=O)[O-].CC(=O)[O-].[Cu+2],27
[Li+].[OH-],26
CC(C)(C)P(C(C)(C)C)C(C)(C)C.CC(C)(C)P(C(C)(C)C)C(C)(C)C.[Pd],26
[BH4-].[BH4-].[Zn+2],26
Cl[Pd]Cl.[Fe+2].c1ccc(P(c2ccccc2)c2cc[cH-]c2)cc1.c1ccc(P(c2ccccc2)c2cc[cH-]c2)cc1,26
CC(C)c1cc(C(C)C)c(-c2cccc(P(C3CCCCC3)C3CCCCC3)c2)c(C(C)C)c1.Cl[Pd+].Nc1ccccc1-c1[c-]cccc1,26
[C+4].[OH-].[OH-].[OH-].[OH-].[OH-].[OH-].[Pd+2],25
CCCC[N+](CCCC)(CCCC)CCCC.[Br-].CCCC[N+](CCCC)(CCCC)CCCC.[Br-],25
CC(=O)[O-].CC(=O)[O-].[Co+2],25
O=P(Cl)(Cl)Cl,25
O=[Cr]([O-])[O-].[Cu+2],25
Oc1ccc(O)cc1,25
CC(=O)[O-].CC(=O)[O-].[Pd+2].CC(C)(C)[PH+](C(C)(C)C)C(C)(C)C.c1ccc([B-](c2ccccc2)(c2ccccc2)c2ccccc2)cc1,25
[Cu]I.[Pd],25
[Ni].[Pd],24
CC(=O)[O-].CC(=O)[O-].[Pb+2].[Pd].[Pd],24
O.[Pd],24
[H-].[Na+],24
O=S(Cl)Cl,24
COc1cccc(OC)c1-c1ccccc1P(C1CCCCC1)C1CCCCC1.O=C(/C=C/c1ccccc1)/C=C/c1ccccc1.O=C(/C=C/c1ccccc1)/C=C/c1ccccc1.O=C(/C=C/c1ccccc1)/C=C/c1ccccc1.[Pd].[Pd],24
CC(=O)[O-].CC(=O)[O-].[Pd+2].O=C(/C=C/c1ccccc1)/C=C/c1ccccc1.O=C(/C=C/c1ccccc1)/C=C/c1ccccc1.O=C(/C=C/c1ccccc1)/C=C/c1ccccc1.[Pd].[Pd],24
[K+].[OH-],24
Cl[Pd]Cl.N#Cc1ccccc1.N#Cc1ccccc1.[Cu]I,24
CSC.[Cu]Br.c1ccc([P](c2ccccc2)(c2ccccc2)[Pd]([P](c2ccccc2)(c2ccccc2)c2ccccc2)([P](c2ccccc2)(c2ccccc2)c2ccccc2)[P](c2ccccc2)(c2ccccc2)c2ccccc2)cc1,24
CC(=O)[O-].CC(=O)[O-].[Pd+2].CC(C)(C)[PH+](C(C)(C)C)C(C)(C)C.Cc1ccc([B-](c2ccc(C)cc2)(c2ccc(C)cc2)c2ccc(C)cc2)cc1,24
CC(=O)[O-].CC(=O)[O-].[Pd+2].C1CCC(P(C2CCCCC2)C2CCCCC2)CC1,24
CCCCCCCCCCCCCCCC[P+](CCCC)(CCCC)CCCC.[Br-],23
Cl[Pd]Cl.[Fe+2].c1ccc(P(c2ccccc2)[c-]2cccc2)cc1.c1ccc(P(c2ccccc2)[c-]2cccc2)cc1.[Pd].c1ccc(P(c2ccccc2)c2ccccc2)cc1.c1ccc(P(c2ccccc2)c2ccccc2)cc1.c1ccc(P(c2ccccc2)c2ccccc2)cc1.c1ccc(P(c2ccccc2)c2ccccc2)cc1,23
O=[W](=O)([O-])[O-].[Na+].[Na+],23
CC(=O)[O-].CC(=O)[O-].[Zn+2],23
Cl[Pd]Cl.c1ccc(P(c2ccccc2)c2ccccc2)cc1.c1ccc(P(c2ccccc2)c2ccccc2)cc1.[Cu]I.c1ccc(P(c2ccccc2)c2ccccc2)cc1,23
Cl[Pd](Cl)([P](c1ccccc1)(c1ccccc1)c1ccccc1)[P](c1ccccc1)(c1ccccc1)c1ccccc1.c1ccc(P(c2ccccc2)c2ccccc2)cc1,23
[Pd].c1ccc(P(c2ccccc2)c2ccccc2)cc1,23
[Pd].[Pt],22
Cc1ccccc1,22
[Cr],22
COc1ccc(OC)c(P(C2CCCCC2)C2CCCCC2)c1-c1c(C(C)C)cc(C(C)C)cc1C(C)C.Cl[Pd+].NCCc1[c-]cccc1,22
CC(C)O,22
[Cl-].[NH4+],22
CC(=O)[O-].CC(=O)[O-].[Pd+2].CC(C)c1cc(C(C)C)c(-c2ccccc2P(C(C)(C)C)C(C)(C)C)c(C(C)C)c1,22
O=C(C=Cc1ccccc1)C=Cc1ccccc1.O=C(C=Cc1ccccc1)C=Cc1ccccc1.[Pd],22
C1CCC(P(C2CCCCC2)C2CCCCC2)CC1.C1CCC(P(C2CCCCC2)C2CCCCC2)CC1.Cl[Pd]Cl,22
C[Al+]C.[CH3-].[Cl-].[Ti+3].c1cc[cH-]c1.c1cc[cH-]c1,22
CC(=O)[O-].CC(=O)[O-].[Pd+2].CC(C)(C)P([c-]1cccc1)C(C)(C)C.CC(C)(C)P([c-]1cccc1)C(C)(C)C.[Fe+2],22
Cl[Pd]Cl.[Fe+2].c1ccc(P(c2ccccc2)[c-]2cccc2)cc1.c1ccc(P(c2ccccc2)[c-]2cccc2)cc1.[Fe+2].c1ccc(P(c2ccccc2)[c-]2cccc2)cc1.c1ccc(P(c2ccccc2)[c-]2cccc2)cc1.[Pd].c1ccc(P(c2ccccc2)c2ccccc2)cc1.c1ccc(P(c2ccccc2)c2ccccc2)cc1.c1ccc(P(c2ccccc2)c2ccccc2)cc1.c1ccc(P(c2ccccc2)c2ccccc2)cc1,22
CCCC[N+](CCCC)(CCCC)CCCC.[I-].O=S(=O)([O-])C(F)(F)F.O=S(=O)([O-])C(F)(F)F.[Zn+2],22
C1CN2CCN1CC2,21
[Pd+2],21
BrBr,21
CC[n+]1ccc(-c2cc[n+](CC)cc2)cc1.[Br-].[Br-],21
O=[Mo](=O)([O-])[O-].[NH4+].[NH4+],21
c1ccc(P(c2ccccc2)c2ccccc2)cc1,21
[Zn].c1ccc([P](c2ccccc2)(c2ccccc2)[Pd]([P](c2ccccc2)(c2ccccc2)c2ccccc2)([P](c2ccccc2)(c2ccccc2)c2ccccc2)[P](c2ccccc2)(c2ccccc2)c2ccccc2)cc1,21
CCN(CC)CC.Cc1ccc(S(=O)(=O)Cl)cc1,21
O.O.O.O.O.O.O.O=S(=O)([O-])[O-].[Fe+2],20
B#[Ni],20
[Ir],20
CCOCC,20
C1CCNC1,20
[I-].[Li+],20
CC1(C)c2cccc(P(c3ccccc3)c3ccccc3)c2Oc2c(P(c3ccccc3)c3ccccc3)cccc21,20
Cl[Cu]Cl.O.O,20
CI,20
CC(=O)[O-].CC(=O)[O-].O.O.O.O.[Co+2],20
CC(=O)[O-].CC(=O)[O-].CC(=O)[O-].CC(=O)[O-].[Rh+2].[Rh+2],20
Cl[Pd]Cl.c1ccc(P(CCCCP(c2ccccc2)c2ccccc2)c2ccccc2)cc1,20
CC(C)(C)P([C]1[CH][CH][CH][CH]1)C(C)(C)C.CC(C)(C)P([C]1[CH][CH][CH][CH]1)C(C)(C)C.Cl[Pd]Cl.[Fe],20
CC[O-].[Na+].BrBr,20
CO.[Pd],19
CC[N+](CC)(CC)CC.[Br-],19
OO,19
C1COCCOCCOCCOCCO1,19
NS(=O)(=O)O,19
[C].[Rh],19
N#C[Fe-3](C#N)(C#N)(C#N)(C#N)C#N.[K+].[K+].[K+],19
CCCC[Sn](Cl)(Cl)CCCC,19
CCCC[N+](CCCC)(CCCC)CCCC.[Br-].Cl[Pd](Cl)([P](c1ccccc1)(c1ccccc1)c1ccccc1)[P](c1ccccc1)(c1ccccc1)c1ccccc1,19
O=CO,18
C1CCOC1,18
[Mn],18
[O-][Cl+3]([O-])([O-])O,18
O=C(OOC(=O)c1ccccc1)c1ccccc1.O=C1CCC(=O)N1Br,18
O=C([O-])[O-].[Cs+].[Cs+],18
[C-]#N.[C-]#N.[Zn+2].[Fe+2].c1ccc(P(c2ccccc2)[c-]2cccc2)cc1.c1ccc(P(c2ccccc2)[c-]2cccc2)cc1,18
CC(=O)[O-].CC(=O)[O-].[Pd+2].CN(C)c1ccccc1-c1ccccc1P(C1CCCCC1)C1CCCCC1,18
Cl[Cu].Cl[Pd]Cl,18
[Pd].[Zn],18
Cl[Cu].[Cu],18
CN(C)c1ccccc1-c1ccccc1P(C1CCCCC1)C1CCCCC1.O=C(/C=C/c1ccccc1)/C=C/c1ccccc1.O=C(/C=C/c1ccccc1)/C=C/c1ccccc1.O=C(/C=C/c1ccccc1)/C=C/c1ccccc1.[Pd].[Pd],18
CC(=O)[O-].CC(=O)[O-].[Pd+2].COc1cccc(OC)c1-c1ccccc1P(C1CCCCC1)C1CCCCC1,18
O=[Ru]=O,18
O=[Pt]=O.[Pd],18
[C-]#[O+].[C-]#[O+].[C-]#[O+].[C-]#[O+].[C-]#[O+].[C-]#[O+].[Mo],18
c1ccc([PH](c2ccccc2)(c2ccccc2)[Pd]([PH](c2ccccc2)(c2ccccc2)c2ccccc2)([PH](c2ccccc2)(c2ccccc2)c2ccccc2)[PH](c2ccccc2)(c2ccccc2)c2ccccc2)cc1,18
[Fe+2].[Pd].c1ccc(P(c2ccccc2)[c-]2cccc2)cc1.c1ccc(P(c2ccccc2)[c-]2cccc2)cc1,18
C1CCC(P(C2CCCCC2)C2CCCCC2)CC1.O=C(/C=C/c1ccccc1)/C=C/c1ccccc1.O=C(/C=C/c1ccccc1)/C=C/c1ccccc1.O=C(/C=C/c1ccccc1)/C=C/c1ccccc1.[Pd].[Pd],18
CC(C)(C)P([c-]1cccc1)C(C)(C)C.[Fe+2].c1ccc(-c2c(-c3ccccc3)c(-c3ccccc3)[c-](-c3ccccc3)c2-c2ccccc2)cc1.O=C(/C=C/c1ccccc1)/C=C/c1ccccc1.O=C(/C=C/c1ccccc1)/C=C/c1ccccc1.O=C(/C=C/c1ccccc1)/C=C/c1ccccc1.[Pd].[Pd],18
CCOC(C)=O,17
CC(=O)[O-].CC(=O)[O-].CCCC[Sn+2]CCCC,17
CCCCCCCCCCCC(=O)[O-].CCCCCCCCCCCC(=O)[O-].CCCC[Sn+2]CCCC,17
c1ccc2c(c1)OCCOCCOc1ccccc1OCCOCCO2,17
[Cl-].[Cl-].[Zn+2].[Cl-].[Cl-].[Zn+2].[Cl-].[Cl-].[Zn+2],17
O=C([O-])O.[Na+].C1COCCO1,17
CC(=O)[O-].CC(=O)[O-].[Pd+2].I[Cu]I,17
I[Cu]I.O=C(/C=C/c1ccccc1)/C=C/c1ccccc1.O=C(/C=C/c1ccccc1)/C=C/c1ccccc1.O=C(/C=C/c1ccccc1)/C=C/c1ccccc1.[Pd].[Pd],17
O=C([O-])O.[Na+],17
[Pd].[Pd].c1ccc(P(c2ccccc2)c2ccccc2)cc1.c1ccc(P(c2ccccc2)c2ccccc2)cc1.c1ccc(P(c2ccccc2)c2ccccc2)cc1.c1ccc(P(c2ccccc2)c2ccccc2)cc1,17
CCCC[N+](CCCC)(CCCC)CCCC.[Br-].Cl[Pd]Cl.[Fe+2].c1ccc(P(c2ccccc2)[c-]2cccc2)cc1.c1ccc(P(c2ccccc2)[c-]2cccc2)cc1,17
S=[Pt],16
CC(C)(C)[O-].CC(C)(C)[O-].CC(C)(C)[O-].CC(C)(C)[O-].[Ti+4],16
O=S(=O)(O)O.[Pd],16
CCCCO.CCCCO.CCCCO.CCCCO.[Ti],16
[Br-].c1ccc([P+](c2ccccc2)(c2ccccc2)c2ccccc2)cc1,16
CC1(C)c2cccc(P(c3ccccc3)c3ccccc3)c2Oc2c(P(c3ccccc3)c3ccccc3)cccc21.O=C(/C=C/c1ccccc1)/C=C/c1ccccc1.O=C(/C=C/c1ccccc1)/C=C/c1ccccc1.[Pd],16
CC[O-].[Na+],16
CC(C)(C)[P]([Pd][P](C(C)(C)C)(C(C)(C)C)C(C)(C)C)(C(C)(C)C)C(C)(C)C.O=C(/C=C/c1ccccc1)/C=C/c1ccccc1.O=C(/C=C/c1ccccc1)/C=C/c1ccccc1.O=C(/C=C/c1ccccc1)/C=C/c1ccccc1.[Pd].[Pd],16
Cl[Cu].[Zn],16
[Pd].c1ccc([P](c2ccccc2)(c2ccccc2)[Pd]([P](c2ccccc2)(c2ccccc2)c2ccccc2)([P](c2ccccc2)(c2ccccc2)c2ccccc2)[P](c2ccccc2)(c2ccccc2)c2ccccc2)cc1,16
CC(=O)[O-].CC(=O)[O-].[Pd+2].CC[N+](CC)(CC)CC.[Cl-],16
CC(=O)[O-].CC(=O)[O-].[Pd+2].CC[N+](CC)(CC)CC.O.[Cl-],16
O=C([O-])c1cccs1.[Cu+].c1ccc([P](c2ccccc2)(c2ccccc2)[Pd]([P](c2ccccc2)(c2ccccc2)c2ccccc2)([P](c2ccccc2)(c2ccccc2)c2ccccc2)[P](c2ccccc2)(c2ccccc2)c2ccccc2)cc1,16
CC(=O)[O-].CC(=O)[O-].[Pd+2].c1ccc2c(-c3c(P(C4CCCCC4)C4CCCCC4)ccc4ccccc34)c(P(C3CCCCC3)C3CCCCC3)ccc2c1,16
CN(C)c1ccc([PH](C(C)(C)C)(C(C)(C)C)[Pd](Cl)(Cl)[PH](c2ccc(N(C)C)cc2)(C(C)(C)C)C(C)(C)C)cc1,16
C1CCC(P(C2CCCCC2)C2CCCCC2)CC1.C1CCC(P(C2CCCCC2)C2CCCCC2)CC1.Cl[Ru](Cl)=Cc1ccccc1,16
CC(C)c1cccc(C(C)C)c1-n1ccn(-c2c(C(C)C)cccc2C(C)C)c1=[Pd-3](Cl)(Cl)c1ncccc1Cl,16
[Fe+2].c1ccc(P(c2ccccc2)[c-]2cccc2)cc1.c1ccc(P(c2ccccc2)[c-]2cccc2)cc1.[Pd].c1ccc(P(c2ccccc2)c2ccccc2)cc1.c1ccc(P(c2ccccc2)c2ccccc2)cc1.c1ccc(P(c2ccccc2)c2ccccc2)cc1.c1ccc(P(c2ccccc2)c2ccccc2)cc1,16
[Cl-].[Li+],15
C1=C\CC/C=C\CC/1.C1=C\CC/C=C\CC/1.[Cl-].[Cl-].[Rh].[Rh],15
CO.C[O-].[Na+],15
Cl[Pd](Cl)([P](c1ccccc1)(c1ccccc1)c1ccccc1)[P](c1ccccc1)(c1ccccc1)c1ccccc1.Cl[Pd]Cl.c1ccc(P(c2ccccc2)c2ccccc2)cc1.c1ccc(P(c2ccccc2)c2ccccc2)cc1.[Cu]I,15
CCBr,15
CC(C)(C)P([c-]1cccc1)C(C)(C)C.[Fe+2].c1ccc(-c2c(-c3ccccc3)c(-c3ccccc3)[c-](-c3ccccc3)c2-c2ccccc2)cc1.O=C(/C=C/c1ccccc1)/C=C/c1ccccc1.O=C(/C=C/c1ccccc1)/C=C/c1ccccc1.[Pd],15
[Ag+].c1c[n-]cn1.[Cl-].[Cl-].[Zn+2],15
CNc1ccc([Pd]Cl)c(C(C)(C)C)c1C(C)(C)C,15
BrCCBr.C[Si](C)(C)Cl.[Zn],15
[Pd].c1ccc(P(c2ccccc2)c2ccccc2)cc1.c1ccc(P(c2ccccc2)c2ccccc2)cc1.c1ccc(P(c2ccccc2)c2ccccc2)cc1.c1ccc(P(c2ccccc2)c2ccccc2)cc1.c1ccc(P(CCP(c2ccccc2)c2ccccc2)c2ccccc2)cc1,15
C1CCC(P(C2CCCCC2)C2CCCCC2)CC1.C1CCC(P(C2CCCCC2)C2CCCCC2)CC1.[Cl-].[Cl-].[Pd+2],15
O.O=[Pt],14
CC(=O)O.[Fe],14
CN(C)c1ccccc1,14
[Mn+4].[O-2].[O-2].[Mn+4].[O-2].[O-2].[Mn+4].[O-2].[O-2],14
[C-]#N.[C-]#N.[Zn+2].O=C(/C=C/c1ccccc1)/C=C/c1ccccc1.O=C(/C=C/c1ccccc1)/C=C/c1ccccc1.O=C(/C=C/c1ccccc1)/C=C/c1ccccc1.[Pd].[Pd].[Zn],14
CC(=O)[O-].CC(=O)[O-].[Pd+2].[C-]#N.[C-]#N.[Zn+2],14
[C-]#N.[C-]#N.[Zn+2].[Zn],14
CO.Cl,14
Cl[Hg]Cl.[Zn],14
CCN(CC)CC.O=P(Cl)(Cl)Cl,14
[Co].[Cr],14
[Mn+4].[O-2].[O-2].O=[Mn]=O,14
[Ni+3].[Ni+3].[O-2].[O-2].[O-2],14
CC(C)(C)P(c1ccccc1-c1ccccc1)C(C)(C)C.O=C(/C=C/c1ccccc1)/C=C/c1ccccc1.O=C(/C=C/c1ccccc1)/C=C/c1ccccc1.O=C(/C=C/c1ccccc1)/C=C/c1ccccc1.[Pd].[Pd],14
CC(=O)[O-].CC(=O)[O-].[Pd+2].CC(=O)[O-].CC(=O)[O-].[Pd+2].O=C(/C=C/c1ccccc1)/C=C/c1ccccc1.O=C(/C=C/c1ccccc1)/C=C/c1ccccc1.O=C(/C=C/c1ccccc1)/C=C/c1ccccc1.[Pd].[Pd],14
N#CO[Ag],14
Cl[Pd]Cl.Cl[Pd]Cl.c1ccc(P(c2ccccc2)c2ccccc2)cc1.c1ccc(P(c2ccccc2)c2ccccc2)cc1.[Cu]I,14
Cl[Pd](Cl)([P](c1ccccc1)(c1ccccc1)c1ccccc1)[P](c1ccccc1)(c1ccccc1)c1ccccc1.I[Cu]I.c1ccc(P(c2ccccc2)c2ccccc2)cc1,14
I[Cu]I.[Pd].c1ccc(P(c2ccccc2)c2ccccc2)cc1.c1ccc(P(c2ccccc2)c2ccccc2)cc1.c1ccc(P(c2ccccc2)c2ccccc2)cc1.c1ccc(P(c2ccccc2)c2ccccc2)cc1,14
Cl[Pd]Cl.[Cu]I.c1ccc(P(c2ccccc2)c2ccccc2)cc1,14
CC(=O)[O-].CC(=O)[O-].[Hg+2],14
CCO.CCO.CCO.CCO.[Ti],14
[Cl-].[Cl-].[Pd+2].c1ccc(P(c2ccccc2)c2ccccc2)cc1.c1ccc(P(c2ccccc2)c2ccccc2)cc1,14
CN1CCOCC1.c1ccc([P](c2ccccc2)(c2ccccc2)[Pd]([P](c2ccccc2)(c2ccccc2)c2ccccc2)([P](c2ccccc2)(c2ccccc2)c2ccccc2)[P](c2ccccc2)(c2ccccc2)c2ccccc2)cc1,14
Cl[Pd]Cl.[Fe+2].c1ccc(P(c2ccccc2)[c-]2cccc2)cc1.c1ccc(P(c2ccccc2)[c-]2cccc2)cc1.[C-]#N.[C-]#N.[Zn+2].[Zn],14
C=Cc1ccccc1.Cl[Ru]Cl.c1ccc(P(c2ccccc2)c2ccccc2)cc1.c1ccc(P(c2ccccc2)c2ccccc2)cc1,14
CC(=O)O.CC(=O)O.[CH2-]c1ccccc1P(c1ccccc1C)c1ccccc1C.[CH2-]c1ccccc1P(c1ccccc1C)c1ccccc1C.[Pd].[Pd].[C-]#[O+].[C-]#[O+].[C-]#[O+].[C-]#[O+].[C-]#[O+].[C-]#[O+].[Mo],14
O=C(OOC(=O)c1ccccc1)c1ccccc1.[W],13
Cl[Pd]Cl.[Fe+2].c1ccc(P(c2ccccc2)[c-]2cccc2)cc1.c1ccc(P(c2ccccc2)[c-]2cccc2)cc1.[C-]#N.[C-]#N.[Zn+2],13
CCOC(=O)CBr,13
COc1ccc(O)cc1,13
O=S(=O)([O-])[O-].[Cu+2].[Zn],13
CC(C)(C)P(c1ccc[cH-]1)C(C)(C)C.CC(C)(C)P(c1ccc[cH-]1)C(C)(C)C.[Cl-].[Cl-].[Fe+2].[Pd+2],13
B#[W],13
CC(=O)[O-].CC(=O)[O-].[Pd+2].c1ccc(-c2ccccc2P(C2CCCCC2)C2CCCCC2)cc1,13
CC(=O)[O-].CC(=O)[O-].[Pd+2].CC(C)(C)P(C(C)(C)C)C(C)(C)C,13
CC1(C)CC(O)CC(C)(C)[NH+]1[O-],13
CN(C)c1ccncc1.[Pd],13
CC(=O)[O-].CC(=O)[O-].[Pd+2].CC(=O)[O-].CC(=O)[O-].[Pd+2].CC(=O)[O-].CC(=O)[O-].[Pd+2],13
[Fe+2].c1ccc(P(c2ccccc2)c2ccc[cH-]2)cc1.c1ccc(P(c2ccccc2)c2ccc[cH-]2)cc1.O=C(/C=C/c1ccccc1)/C=C/c1ccccc1.O=C(/C=C/c1ccccc1)/C=C/c1ccccc1.[Pd],13
O=C(OO)c1cccc(Cl)c1,13
CC(=O)[O-].CC(=O)[O-].[Pd+2].c1ccc(P(c2ccccc2)c2ccccc2)cc1.c1ccc(P(c2ccccc2)c2ccccc2)cc1,13
Cl[Pd]Cl.[Fe+2].c1ccc(P(c2ccccc2)[c-]2cccc2)cc1.c1ccc(P(c2ccccc2)[c-]2cccc2)cc1.[Pd],13
[Cl-].[Cl-].[Cl-].[Cl-].[Cu+2].[Li+].[Li+],13
C1CCC(P(C2CCCCC2)C2CCCCC2)CC1,13
Cl[Pd](Cl)([P](c1ccccc1)(c1ccccc1)c1ccccc1)[P](c1ccccc1)(c1ccccc1)c1ccccc1.Cl[Pd]Cl.c1ccc(P(c2ccccc2)c2ccccc2)cc1.c1ccc(P(c2ccccc2)c2ccccc2)cc1,13
Cc1ccc(S(=O)(=O)O)cc1.[Pd],13
CC[N+](CC)(CC)CC.[Br-].[Ag],13
[Cl-].[Cl-].[Cl-].[Cl-].[Ti+4],12
O=C([O-])[O-].[Ca+2].[Pd],12
C1COCCO1,12
[C-]#N.[C-]#N.[Zn+2].CC(C)(C)[P]([Pd][P](C(C)(C)C)(C(C)(C)C)C(C)(C)C)(C(C)(C)C)C(C)(C)C.[Zn],12
[C-]#N.[C-]#N.[Zn+2].[C-]#N.[C-]#N.[Zn+2].[Fe+2].c1ccc(P(c2ccccc2)[c-]2cccc2)cc1.c1ccc(P(c2ccccc2)[c-]2cccc2)cc1.[Fe+2].c1ccc(P(c2ccccc2)[c-]2cccc2)cc1.c1ccc(P(c2ccccc2)[c-]2cccc2)cc1.O=C(/C=C/c1ccccc1)/C=C/c1ccccc1.O=C(/C=C/c1ccccc1)/C=C/c1ccccc1.O=C(/C=C/c1ccccc1)/C=C/c1ccccc1.[Pd].[Pd],12
Cl[Ni]Cl.[Zn],12
[Cu].[Cu].[Cu].[Cu].[Cu].[Cu].c1ccc(P(c2ccccc2)c2ccccc2)cc1.c1ccc(P(c2ccccc2)c2ccccc2)cc1.c1ccc(P(c2ccccc2)c2ccccc2)cc1.c1ccc(P(c2ccccc2)c2ccccc2)cc1.c1ccc(P(c2ccccc2)c2ccccc2)cc1.c1ccc(P(c2ccccc2)c2ccccc2)cc1,12
ClC(Cl)Cl,12
[NH4+].[OH-],12
Cl[Ni]Cl.O,12
CC(C)c1cc(C(C)C)c(-c2ccccc2P(C2CCCCC2)C2CCCCC2)c(C(C)C)c1,12
C1=C\CC/C=C\CC/1.C1=C\CC/C=C\CC/1.[Ni],12
CC(C)NC(C)C,12
[Br-].[Br-].[Zn+2].[Cl-].[Cl-].[Zn+2],12
[BH3-]C#N.[Na+],12
O=C(Cl)C(=O)Cl,12
O=C1NS(=O)(=O)c2ccccc21,12
CC(=O)[O-].CC(=O)[O-].[Pd+2].CCCC[N+](CCCC)(CCCC)CCCC.O.[Cl-],12
O=C(/C=C/c1ccccc1)/C=C/c1ccccc1.O=C(/C=C/c1ccccc1)/C=C/c1ccccc1.O=C(/C=C/c1ccccc1)/C=C/c1ccccc1.[Pd].[Pd].c1ccc(P(c2ccccc2)c2ccccc2Oc2ccccc2P(c2ccccc2)c2ccccc2)cc1,12
CC(=O)[O-].CC(=O)[O-].[Cu+2].[Cl-].[Cl-].[Zn+2],12
CCCCCC[N+](CCCCCC)(CCCCCC)CCCCCC.[Cl-],12
Cl[Pd](Cl)([P](c1ccccc1)(c1ccccc1)c1ccccc1)[P](c1ccccc1)(c1ccccc1)c1ccccc1.c1ccc([P](c2ccccc2)(c2ccccc2)[Pd]([P](c2ccccc2)(c2ccccc2)c2ccccc2)([P](c2ccccc2)(c2ccccc2)c2ccccc2)[P](c2ccccc2)(c2ccccc2)c2ccccc2)cc1,12
CC[N+](CC)(CC)CC.[Cl-].Cl[Pd](Cl)([P](c1ccccc1)(c1ccccc1)c1ccccc1)[P](c1ccccc1)(c1ccccc1)c1ccccc1,12
CC[O-].CC[O-].CC[O-].CC[O-].[Ti+4].CC[O-].CC[O-].CC[O-].CC[O-].[Ti+4],12
CC(=O)[O-].CC(=O)[O-].[Pd+2].[C-]#[O+].[C-]#[O+].[C-]#[O+].[C-]#[O+].[C-]#[O+].[C-]#[O+].[Mo],12
COc1ccc(OC)c(P(C2CCCCC2)C2CCCCC2)c1-c1c(C(C)C)cc(C(C)C)cc1C(C)C,12
CC(=O)[O-].CC(=O)[O-].O.O.O.O.[Ni+2],11
[Cl-].[NH4+].[Zn],11
O=C1CCC(=O)N1Br,11
O=S(=O)([O-])[O-].[Cu+2].O=[Cu-],11
Cl.O=[Pt]=O,11
COC(C)(C)CC(C)(C#N)N=NC(C)(C#N)CC(C)(C)OC,11
O.O=[Ru]=O,11
CC(=O)N(C)C,11
CC(=O)OC(C)=O,11
Cc1ccccc1S(=O)(=O)O,11
CCCCCC,11
O.Oc1cccc2[nH]nnc12,11
CC(=O)[O-].CC(=O)[O-].O.[Cu+2].[Cu].[Zn].[Zn],11
CC(=O)[O-].CC(=O)[O-].[Pd+2].CC(=O)[O-].CC(=O)[O-].[Pd+2].CC(=O)[O-].CC(=O)[O-].[Pd+2].O=C(/C=C/c1ccccc1)/C=C/c1ccccc1.O=C(/C=C/c1ccccc1)/C=C/c1ccccc1.O=C(/C=C/c1ccccc1)/C=C/c1ccccc1.[Pd].[Pd],11
CC(=O)[O-].[Na+],11
CC(=O)[O-].CCCC[N+](CCCC)(CCCC)CCCC,11
CC(=O)/C=C(/C)[O-].CC(=O)/C=C(/C)[O-].CC(=O)/C=C(/C)[O-].[Fe+3],11
c1c[nH]cn1,11
CC(C)(C)P(C(C)(C)C)C(C)(C)C,11
CC(=O)[O-].CC(=O)[O-].[Pd+2].[Fe+2].c1ccc(P(c2ccccc2)c2ccc[cH-]2)cc1.c1ccc(P(c2ccccc2)c2ccc[cH-]2)cc1,11
CC[N+](CC)(CC)CC.[C-]#N.[Fe+2].c1ccc(P(c2ccccc2)[c-]2cccc2)cc1.c1ccc(P(c2ccccc2)[c-]2cccc2)cc1.O=C(/C=C/c1ccccc1)/C=C/c1ccccc1.O=C(/C=C/c1ccccc1)/C=C/c1ccccc1.O=C(/C=C/c1ccccc1)/C=C/c1ccccc1.[Pd].[Pd],11
[Hg].[Na],11
CCCC[N+](CCCC)(CCCC)CCCC.O=S(=O)([O-])O.CCCC[N+](CCCC)(CCCC)CCCC.O=S(=O)([O-])O,11
CC1(C)c2cccc(P(c3ccccc3)c3ccccc3)c2Oc2c(P(c3ccccc3)c3ccccc3)cccc21.ClC(Cl)Cl.O=C(/C=C/c1ccccc1)/C=C/c1ccccc1.O=C(/C=C/c1ccccc1)/C=C/c1ccccc1.O=C(/C=C/c1ccccc1)/C=C/c1ccccc1.[Pd].[Pd],11
C[N+](C)(C)C.F[B-](F)(F)F,11
[Cl-].[NH4+].CC(=O)Cl,11
CCCC[N+](CCCC)(CCCC)CCCC.O.[Cl-],11
CC[Al+2].[Cl-].[Cl-],11
ClCCl.Cl[Pd]Cl.[Fe+2].c1ccc(P(c2ccccc2)[c-]2cccc2)cc1.c1ccc(P(c2ccccc2)[c-]2cccc2)cc1.[Cu]I,11
[Cl-].[Cl-].[Zn+2].[Cl-].[Cl-].[Zn+2].c1ccc([P](c2ccccc2)(c2ccccc2)[Pd]([P](c2ccccc2)(c2ccccc2)c2ccccc2)([P](c2ccccc2)(c2ccccc2)c2ccccc2)[P](c2ccccc2)(c2ccccc2)c2ccccc2)cc1,11
C1=C\CC/C=C\CC/1.C1=C\CC/C=C\CC/1.[Cl-].[Cl-].[Ir].[Ir],11
COc1cccc(OC)c1-c1ccccc1P(C1CCCCC1)C1CCCCC1,11
CC(C)(C)[PH+](C(C)(C)C)C(C)(C)C.F[B-](F)(F)F.O=C(/C=C/c1ccccc1)/C=C/c1ccccc1.O=C(/C=C/c1ccccc1)/C=C/c1ccccc1.O=C(/C=C/c1ccccc1)/C=C/c1ccccc1.[Pd].[Pd],11
ClCCl.Clc1cc[c-](P(c2ccccc2)c2ccccc2)c1Cl.[Fe+2].[Pd+2].c1ccc(P(c2ccccc2)[c-]2cccc2)cc1,11
CC[N+](CC)(CC)CC.[Cl-].[Ag],11
CC(=O)[O-].CC(=O)[O-].CC(=O)[O-].O.O.[Mn+3],11
CCO[Ti](OCC)(OCC)OCC,11
[Br-].[Br-].[Zn+2].[Pd],10
O.O.O.O.O.O.O.O=S(=O)([O-])[O-].[Fe+2].[Zn],10
CC1=C(C)C(C)([Rh+]Cl)C(C)=C1C.Cc1ccc(S(=O)(=O)N[C@H](c2ccccc2)[C@H](N)c2ccccc2)cc1,10
N#CC1(N=NC2(C#N)CCCCC2)CCCCC1,10
CCN(CC)CC.[Pd],10
[Cr+3].[Cr+3].[O-2].[O-2].[O-2],10
CC(=O)[O-].CC(=O)[O-].[Pd+2].[C-]#N.[C-]#N.[Zn+2].[Zn],10
O=C([O-])C(F)(F)F.[Ag+].O=C([O-])C(F)(F)F.[Ag+],10
Nc1nc(Cl)nc(Nc2ccc(S(=O)(=O)[O-])c(NS(=O)(=O)c3ccc4c5[nH]c(c4c3)Nc3[n-]c(c4ccc(S(=O)(=O)[O-])cc34)Nc3[nH]c(c4cc(S(=O)(=O)[O-])ccc34)Nc3[n-]c(c4ccc(S(=O)(=O)[O-])cc34)N5)c2)n1.[Cu+2].[Na+].[Na+].[Na+].[Na+].O.O.O.O.O.O=[N+]([O-])[O-].O=[N+]([O-])[O-].O=[N+]([O-])[O-].O=[N+]([O-])[O-].[Cu+2].[Cu+2].O=[Cu-],10
I[Cu]I.[Cu],10
CC(C)Oc1cccc(OC(C)C)c1-c1ccccc1P(C1CCCCC1)C1CCCCC1.COC(C)(C)C.Cl[Pd+].NCCc1[c-]cccc1,10
S=P12SP3(=S)SP(=S)(S1)SP(=S)(S2)S3,10
Cl[Sn](Cl)(Cl)Cl,10
c1ccc2ncccc2c1,10
C[N+](C)(C)c1ccccc1.[Cl-],10
CC(=O)[O-].CC(=O)[O-].O.O.[Zn+2],10
CC[N+](CC)(CC)CC.O.[Cl-],10
CC(=O)[O-].CC(=O)[O-].[Pd+2].[Cl-].[Cl-].[Zn+2],10
CC(=O)[O-].CC(=O)[O-].O.O.[Cd+2],10
[Br-].[Br-].[Zn+2].[Br-].[Br-].[Zn+2],10
CC(=O)/C=C(/C)[O-].CC(=O)/C=C(/C)[O-].[Ni+2],10
[Pd+2].Cl[Pd]Cl.c1ccc(P(c2ccccc2)c2ccccc2)cc1.c1ccc(P(c2ccccc2)c2ccccc2)cc1,10
[Br-].[Br-].[Zn+2].c1ccc([P](c2ccccc2)(c2ccccc2)[Pd]([P](c2ccccc2)(c2ccccc2)c2ccccc2)([P](c2ccccc2)(c2ccccc2)c2ccccc2)[P](c2ccccc2)(c2ccccc2)c2ccccc2)cc1,10
C=C[Si](C)(C)O[Si](C)(C)C=C.[Pt],10
Cl[Pd-2](Cl)([PH](c1ccccc1)(c1ccccc1)c1ccccc1)[PH](c1ccccc1)(c1ccccc1)c1ccccc1.[Cu]I,10
CC(=O)[O-].CC(=O)[O-].[Pd+2].CCCC[N+](CCCC)(CCCC)CCCC.[Cl-].c1ccc(P(c2ccccc2)c2ccccc2)cc1,10
Cl[Ni]Cl.c1ccc(P(CCP(c2ccccc2)c2ccccc2)c2ccccc2)cc1,10
CC(C)(C)C(=O)[O-].CC(C)(C)C(=O)[O-].[Pd+2].Fc1ccc(P(c2ccc(F)cc2)c2ccc(F)cc2)cc1,10
Cl[Ru](Cl)Cl.O.O.O,10
ClCCl.Cl[Pd]Cl.[CH]1[CH][CH][C]([PH+](c2ccccc2)c2ccccc2)[CH]1.[CH]1[CH][CH][C]([PH+](c2ccccc2)c2ccccc2)[CH]1.[Fe].[Fe+2].c1ccc(P(c2ccccc2)[c-]2cccc2)cc1.c1ccc(P(c2ccccc2)[c-]2cccc2)cc1,10
Cc1c(C)c(C)[c-](C)c1C.Cl[Ru+].c1ccc(P(c2ccccc2)c2ccccc2)cc1.c1ccc(P(c2ccccc2)c2ccccc2)cc1,10
C[c-]1cccc1.C[c-]1cccc1.[Ti+2],10
ClCC=Cc1ccccc1.[Pd],10
CC(C)c1cccc(C(C)C)c1N=Cc1ccccn1,10
N.O=[V](=O)O.[Pt],9
O=[N+]([O-])O,9
C1COCCO1.Cl,9
CCO.[Pd],9
O=C([O-])[O-].O=C([O-])[O-].[Ca+2].[Pd+2],9
[BH4-].[Na+],9
Cl[Hg].[Zn],9
c1cnc2c(c1)ccc1cccnc12,9
c1cc(N2CCCC2)ccn1,9
CCCC[Sn](=O)CCCC,9
O=C(/C=C/c1ccccc1)/C=C/c1ccccc1.[Pd],9
CC(=O)[O-].CC(=O)[O-].[Cu+2].[Cu]Br,9
CC(C)c1cc(C(C)C)c(-c2ccccc2P(C(C)(C)C)C(C)(C)C)c(C(C)C)c1.O=C(/C=C/c1ccccc1)/C=C/c1ccccc1.O=C(/C=C/c1ccccc1)/C=C/c1ccccc1.O=C(/C=C/c1ccccc1)/C=C/c1ccccc1.[Pd].[Pd],9
C1CCC2OCCOCCOC3CCCCC3OCCOCCOC2C1,9
O.[Ni],9
O=S(=O)([O-])C(F)(F)F.O=S(=O)([O-])C(F)(F)F.[Zn+2],9
CN(C)c1ccncc1.[Zn],9
C=O,9
CC[n+]1csc(CCO)c1C.[Br-],9
CCCC[N+](CCCC)(CCCC)CCCC.[Cl-].Cl[Pd]Cl,9
Cc1c(C2(c3cc(Br)c(O)c(Br)c3C)OS(=O)(=O)c3ccccc32)cc(Br)c(O)c1Br,9
CCCC[P+](CCCC)(CCCC)CCCC.[Cl-],9
CC(=O)CC(C)=O.CC(=O)CC(C)=O.[Cu],9
Cc1ccc(S(=O)(=O)[O-])cc1.[Ag+],9
c1ccc(P(c2ccccc2)c2ccccc2)cc1.c1ccc([P](c2ccccc2)(c2ccccc2)[Pd]([P](c2ccccc2)(c2ccccc2)c2ccccc2)([P](c2ccccc2)(c2ccccc2)c2ccccc2)[P](c2ccccc2)(c2ccccc2)c2ccccc2)cc1,9
CC(=O)[O-].CC(=O)[O-].[Pd+2].CC(C)(C)[PH+](C(C)(C)C)C(C)(C)C.c1ccc([B-](c2ccccc2)(c2ccccc2)c2ccccc2)cc1.[Cu]I,9
CC(=O)[O-].CC(=O)[O-].[Pd+2].CC(C)(C)[PH+](C(C)(C)C)C(C)(C)C.Cc1ccc([B-](c2ccc(C)cc2)(c2ccc(C)cc2)c2ccc(C)cc2)cc1.[Cu]I,9
CCI,9
CCOCC.[Cl-].[Cl-].[Zn+2],9
CCCC[N+](CCCC)(CCCC)CCCC.[Br-].[Pd].c1ccc(P(c2ccccc2)c2ccccc2)cc1.c1ccc(P(c2ccccc2)c2ccccc2)cc1.c1ccc(P(c2ccccc2)c2ccccc2)cc1.c1ccc(P(c2ccccc2)c2ccccc2)cc1,9
O=[Ag-].O=[Ag],9
O=C([O-])[O-].[Ag+2].O=C([O-])[O-].[Ag+2],9
C1CCC(P(C2CCCCC2)C2CCCCC2)CC1.O=C(/C=C/c1ccccc1)/C=C/c1ccccc1.O=C(/C=C/c1ccccc1)/C=C/c1ccccc1.[Pd],9
CN(C)c1ccncc1.[C].[Pd],9
Cc1cc(C(C)(C)C)c(O)c(C(C)(C)C)c1.c1ccc([P](c2ccccc2)(c2ccccc2)[Pd]([P](c2ccccc2)(c2ccccc2)c2ccccc2)([P](c2ccccc2)(c2ccccc2)c2ccccc2)[P](c2ccccc2)(c2ccccc2)c2ccccc2)cc1,9
O=C(C=Cc1ccccc1)C=Cc1ccccc1.O=C(C=Cc1ccccc1)C=Cc1ccccc1.O=C(C=Cc1ccccc1)C=Cc1ccccc1.[Pd],9
Cl[Au](Cl)Cl,9
C1CCC(P(C2CCCCC2)C2CCCCC2)CC1.Cc1cc(C)c(N2CCN(c3c(C)cc(C)cc3C)C2=[Ru](Cl)(Cl)=Cc2ccccc2)c(C)c1,9
F[Cu]F,9
Cl[Pd]Cl.[Fe+2].c1ccc(P(c2ccccc2)[c-]2cccc2)cc1.c1ccc(P(c2ccccc2)[c-]2cccc2)cc1.[Fe+2].c1cc[cH-]c1.c1ccc(P(c2ccccc2)[c-]2cccc2)cc1,9
c1ccc(P(c2ccccc2)c2ccc3ccccc3c2-c2c(P(c3ccccc3)c3ccccc3)ccc3ccccc23)cc1.c1ccc(P(c2ccccc2)c2ccc3ccccc3c2-c2c(P(c3ccccc3)c3ccccc3)ccc3ccccc23)cc1,9
CC(C)(C)[PH+](C(C)(C)C)C(C)(C)C.c1ccc([B-](c2ccccc2)(c2ccccc2)c2ccccc2)cc1.O=C(/C=C/c1ccccc1)/C=C/c1ccccc1.O=C(/C=C/c1ccccc1)/C=C/c1ccccc1.O=C(/C=C/c1ccccc1)/C=C/c1ccccc1.[Pd].[Pd],9
CC(C)(C)[PH+](C(C)(C)C)C(C)(C)C.Cc1ccc([B-](c2ccc(C)cc2)(c2ccc(C)cc2)c2ccc(C)cc2)cc1.O=C(/C=C/c1ccccc1)/C=C/c1ccccc1.O=C(/C=C/c1ccccc1)/C=C/c1ccccc1.O=C(/C=C/c1ccccc1)/C=C/c1ccccc1.[Pd].[Pd],9
C1=C\CC/C=C\CC/1.C1=C\CC/C=C\CC/1.CO.CO.[Ir].[Ir],9
CCCCCCCC(=O)O.CCCCCCCC(=O)O.CCCCCCCC(=O)O.CCCCCCCC(=O)O.[Rh].[Rh],9
O=C(/C=C/c1ccccc1)/C=C/c1ccccc1.O=C(/C=C/c1ccccc1)/C=C/c1ccccc1.O=C(/C=C/c1ccccc1)/C=C/c1ccccc1.[Pd].[Pd].[Zn].c1coc(P(c2ccco2)c2ccco2)c1,9
CC(C)(C#N)N=NC(C)(C)C#N.CCCCCCCC(=O)c1ccccc1,9
[H][H].[Ni],8
[O-2].[O-2].[Ti+4].N.O=[V](=O)O.[Pd],8
O.O.O.O=[N+]([O-])[O-].O=[N+]([O-])[O-].[Cu+2].O=[Cu],8
[OH-].[OH-].[Pd+2].[OH-].[OH-].[Pd+2].[OH-].[OH-].[Pd+2],8
Cc1ccc(C(C)C)cc1.Cc1ccc(C(C)C)cc1.Cl[Ru]Cl.Cl[Ru]Cl,8
CC(=O)[O-].[NH4+],8
CN(C)C#N,8
CC#N.CC#N.CC#N.CC#N.F[P-](F)(F)(F)(F)F.[Cu+],8
CC(=O)[O-].CC(=O)[O-].O.O.O.O.[Co+2].CC(=O)[O-].CC(=O)[O-].O.O.O.O.[Mn+2].[Ti],8
[Br-].[K+].CC1(C)CCCC(C)(C)N1[O],8
CC[N+](CC)(CC)CC.[I-],8
CC(=O)/C=C(/C)[O-].CC(=O)/C=C(/C)[O-].[Pd+2],8
[Cr].[Cu],8
Cl[Ru]Cl.Cl[Ru]Cl.c1ccccc1.c1ccccc1,8
[Cl-].[Cl-].[Ru+2].c1ccc(P(c2ccccc2)c2ccccc2)cc1.c1ccc(P(c2ccccc2)c2ccccc2)cc1.c1ccc(P(c2ccccc2)c2ccccc2)cc1,8
COCCOCCN(CCOCCOC)CCOCCOC,8
[OH-].[OH-].[Pd+2].[OH-].[OH-].[Pd+2].[Pd],8
CCCC[N+](CCCC)(CCCC)CCCC.[I-].CCCC[N+](CCCC)(CCCC)CCCC.[I-],8
CC(C)[O-].CC(C)[O-].CC(C)[O-].[Al+3],8
O=C(C=Cc1ccccc1)C=Cc1ccccc1.[Pd],8
CC(C)Oc1cccc(OC(C)C)c1-c1ccccc1P(C1CCCCC1)C1CCCCC1,8
CC(=O)[O-].CC(=O)[O-].[Pd+2].CC(C)(C)P(c1cccc(-c2ccccc2)c1)C(C)(C)C,8
Cc1ccc(S(=O)(=O)O)cc1.c1ccncc1,8
CC1(C)[C@@H]2CC[C@@]1(CS(=O)(=O)O)C(=O)C2,8
CC(=O)CC(C)=O.[Cu+2],8
[Li]CCCC,8
[Al+3].[Al+3].[O-2].[O-2].[O-2].[Rh],8
[Pd].[Ru],8
O=C1OC(c2ccc(O)cc2)(c2ccc(O)cc2)c2ccccc21,8
CC(=O)[O-].CC(=O)[O-].[Pd+2].c1ccc(P(c2ccccc2)c2ccccc2Oc2ccccc2P(c2ccccc2)c2ccccc2)cc1,8
CC(=O)[O-].CC(=O)[O-].[Pd+2].CC(=O)[O-].CC(=O)[O-].[Pd+2].c1ccc(P(c2ccccc2)c2ccc3ccccc3c2-c2c(P(c3ccccc3)c3ccccc3)ccc3ccccc23)cc1.c1ccc(P(c2ccccc2)c2ccc3ccccc3c2-c2c(P(c3ccccc3)c3ccccc3)ccc3ccccc23)cc1,8
[Pd].c1ccc(P(c2ccccc2)c2ccccc2)cc1.c1ccc(P(c2ccccc2)c2ccccc2)cc1.c1ccc(P(c2ccccc2)c2ccccc2)cc1,8
[Cu]I.c1ccc(P(c2ccccc2)c2ccccc2)cc1,8
OP(O)O,8
[I-].CCN(CC)CC.Cl[Pd]Cl.c1ccc(P(c2ccccc2)c2ccccc2)cc1.c1ccc(P(c2ccccc2)c2ccccc2)cc1,8
CCCC[N+](CCCC)(CCCC)CCCC.[I-].Cl[Pd](Cl)([P](c1ccccc1)(c1ccccc1)c1ccccc1)[P](c1ccccc1)(c1ccccc1)c1ccccc1.[Cu]I,8
O=C(O)C(Cl)Cl,8
Cc1ccccc1P(c1ccccc1C)c1ccccc1C,8
C=C[CH2-].C=C[CH2-].Cl[Pd+].Cl[Pd+],8
[Pd].c1ccc(P(c2ccccc2)c2ccccc2)cc1.c1ccc([P](c2ccccc2)(c2ccccc2)[Pd]([P](c2ccccc2)(c2ccccc2)c2ccccc2)([P](c2ccccc2)(c2ccccc2)c2ccccc2)[P](c2ccccc2)(c2ccccc2)c2ccccc2)cc1,8
CC(=O)[O-].CC(=O)[O-].[Pd+2].O=S(=O)([O-])c1cccc(P(c2cccc(S(=O)(=O)[O-])c2)c2cccc(S(=O)(=O)[O-])c2)c1.[Na+].[Na+].[Na+],8
CC(=O)[O-].CC(=O)[O-].[Pd+2].Cl[Pd]Cl.[Fe+2].c1ccc(P(c2ccccc2)[c-]2cccc2)cc1.c1ccc(P(c2ccccc2)[c-]2cccc2)cc1,8
C1CCC(P(C2CCCCC2)C2CCCCC2)CC1.C1CCC(P(C2CCCCC2)C2CCCCC2)CC1.[Pd],8
CCCC[N+](CCCC)(CCCC)CCCC.[C-]#N,8
Cc1cc(C(C)(C)C)c(O)c(C(C)(C)C)c1.[Pd].c1ccc(P(c2ccccc2)c2ccccc2)cc1.c1ccc(P(c2ccccc2)c2ccccc2)cc1.c1ccc(P(c2ccccc2)c2ccccc2)cc1.c1ccc(P(c2ccccc2)c2ccccc2)cc1,8
O=S(=O)([O-])S(=O)(=O)[O-].[Na+].[Na+],8
C1CCC([PH+](C2CCCCC2)C2CCCCC2)CC1.Cc1cc(C)c(N2[CH-]N(c3c(C)cc(C)cc3C)CC2)c(C)c1.Cl[Ru](Cl)=Cc1ccccc1,8
C1=CC([Ti+2]C2C=CC=C2)C=C1.[Cl-].[Cl-],8
[Pd].[Pd].[Pd].[Pd].c1ccc(P(c2ccccc2)c2ccccc2)cc1,8
O.O=C(/C=C/c1ccccc1)/C=C/c1ccccc1.O=C(/C=C/c1ccccc1)/C=C/c1ccccc1.O=C(/C=C/c1ccccc1)/C=C/c1ccccc1.[Pd].[Pd],8
[Fe+2].c1ccc(P(c2ccccc2)[c-]2cccc2)cc1.c1ccc(P(c2ccccc2)[c-]2cccc2)cc1.[Cu]I,8
CC(C)(C)C(=O)[O-].CC(C)(C)C(=O)[O-].[Cu+2],8
COc1cccc(OC)c1-c1ccccc1P(C1CCCCC1)C1CCCCC1.O=C(/C=C/c1ccccc1)/C=C/c1ccccc1.O=C(/C=C/c1ccccc1)/C=C/c1ccccc1.O=C(/C=C/c1ccccc1)/C=C/c1ccccc1.[Pd].[Pd].[Zn],8
CC(C)[O-].CC(C)[O-].CC(C)[O-].CC(C)[O-].[Zr+4],8
ClCCl.Cl[Pd]Cl.[CH]1[CH][CH][C]([PH+](c2ccccc2)c2ccccc2)[CH]1.[CH]1[CH][CH][C]([PH+](c2ccccc2)c2ccccc2)[CH]1.[Fe].ClCCl.Cl[Pd]Cl.[CH]1[CH][CH][C]([PH+](c2ccccc2)c2ccccc2)[CH]1.[CH]1[CH][CH][C]([PH+](c2ccccc2)c2ccccc2)[CH]1.[Fe],8
CC(=O)N(C)C.O=C(/C=C/c1ccccc1)/C=C/c1ccccc1.O=C(/C=C/c1ccccc1)/C=C/c1ccccc1.[Pd],8
Cl[Ti](Cl)(Cl)Cl.c1ccc([P](c2ccccc2)(c2ccccc2)[Pd]([P](c2ccccc2)(c2ccccc2)c2ccccc2)([P](c2ccccc2)(c2ccccc2)c2ccccc2)[P](c2ccccc2)(c2ccccc2)c2ccccc2)cc1,8
CC(=O)[O-].CC(=O)[O-].[Pd+2].CC(C)c1cccc(C(C)C)c1N1CC[NH+](c2c(C(C)C)cccc2C(C)C)C1.[Cl-],8
O.O.O.O.O.O.O.O=S(=O)([O-])[O-].[Fe+2].O.O.O.O.O.O.O.O=S(=O)([O-])[O-].[Fe+2].O.O.O.O.O.O.O.O=S(=O)([O-])[O-].[Fe+2],8
Cl[Pd]Cl.[Fe+2].c1ccc(P(c2ccccc2)[c-]2cccc2)cc1.c1ccc(P(c2ccccc2)[c-]2cccc2)cc1.[C-]#N.[C-]#N.[Zn+2].[Cu]I.[Zn],8
CS(=O)(=O)Cl,7
O=S(=O)([O-])[O-].[Fe+2].[Fe],7
COc1cc([C@@H]2c3cc4c(cc3C(O[C@@H]3O[C@@H]5CO[C@@H](C)O[C@H]5[C@H](O)[C@H]3O)[C@H]3COC(=O)[C@H]23)OCO4)cc(OC)c1O.Cl[Pt+2]Cl.O=P1(NCCCl)OCCCN1CCCl.[NH2-].[NH2-],7
[Hg].[Pd],7
CC(=O)[O-].CC(=O)[O-].[Pd+2].O.O.O.[C-]#N.[C-]#N.[C-]#N.[C-]#N.[C-]#N.[C-]#N.[Fe+2].[K+].[K+].[K+].[K+],7
II.[Fe],7
O=S([O-])[O-].[Na+].[Na+],7
CCCCCCCC(=O)C([NH3+])(C(=O)CCCCCCC)C(=O)CCCCCCC.[Cl-],7
Cl[Pd]Cl.[Fe+2].c1ccc(P(c2ccccc2)[c-]2cccc2)cc1.c1ccc(P(c2ccccc2)[c-]2cccc2)cc1.Cl[Pd]Cl.[Fe+2].c1ccc(P(c2ccccc2)[c-]2cccc2)cc1.c1ccc(P(c2ccccc2)[c-]2cccc2)cc1.[Zn],7
O.O=[Si]=O.O=[Si]=O.O=[Si]=O.O=[Si]=O.[Al+3].[Al+3].[O-2].[O-2].[O-2],7
O=C1CCC(=O)N1O,7
[O-2].[O-2].[O-2].[O-2].[O-2].[V+5].[V+5],7
Cl.Cl.Cl[Ir](Cl)(Cl)Cl.O,7
[Pd].[Rh],7
CC(C)=O,7
CC(=O)O.CC(C)(C)P(c1ccccc1-c1[c-]cccc1)C(C)(C)C.[Pd],7
[Cl-].[Cl-].[Cl-].[Ti+3].[Cl-].[Cl-].[Cl-].[Ti+3],7
O=[Mo](=O)([O-])[O-].[Na+].[Na+],7
O=C(OC(=O)C(F)(F)F)C(F)(F)F,7
c1ccc(P(c2ccccc2)c2ccc3ccccc3c2-c2c(P(c3ccccc3)c3ccccc3)ccc3ccccc23)cc1.O=C(/C=C/c1ccccc1)/C=C/c1ccccc1.O=C(/C=C/c1ccccc1)/C=C/c1ccccc1.[Pd],7
N[C@@H](Cc1ccc2ccccc2c1)C(=O)O,7
O=S(=O)([O-])[O-].[Cu+2].[Cu],7
N#C[Cu],7
[Mn+4].[O-2].[O-2].C[Re](=O)(=O)=O,7
CC[SiH](CC)CC,7
CNCCNC.[Cu]I,7
CC(=O)[O-].CC(=O)[O-].[Pd+2].[Cu]I.c1ccc(P(c2ccccc2)c2ccccc2)cc1,7
I[Cu]I.c1ccc(P(c2ccccc2)c2ccccc2)cc1,7
Cl[Pd](Cl)([P](c1ccccc1)(c1ccccc1)c1ccccc1)[P](c1ccccc1)(c1ccccc1)c1ccccc1.[Cu],7
CN1CCCCC1,7
CCN(CC)S(=O)(=O)c1ccc(Nc2cc(C(=O)O)c(Nc3ccc(S(=O)(=O)N(CC)CC)cc3)cc2C(=O)O)cc1.NS(=O)(=O)N(c1ccccc1)c1cc(C(=O)O)c(N(c2ccccc2)S(N)(=O)=O)cc1C(=O)O,7
CC(C)(C)[PH]([Pd][PH](C(C)(C)C)(C(C)(C)C)C(C)(C)C)(C(C)(C)C)C(C)(C)C,7
O=S(=O)([O-])[O-].[Mn+2],7
CCN(CC)CC.CN(C)C=O,7
O=C([O-])[O-].[Ag+].[Ag+],7
O=[Pt].[Pt],7
Cl[Pd+2](Cl)(Cl)Cl.[Na+].[Na+],7
Cl[Hg],7
O=C1c2ccccc2C(=O)c2ccccc21,7
[Cl-].[Rh].c1ccc(P(c2ccccc2)c2ccccc2)cc1.c1ccc(P(c2ccccc2)c2ccccc2)cc1.c1ccc(P(c2ccccc2)c2ccccc2)cc1.[Cl-].[Rh].c1ccc(P(c2ccccc2)c2ccccc2)cc1.c1ccc(P(c2ccccc2)c2ccccc2)cc1.c1ccc(P(c2ccccc2)c2ccccc2)cc1,7
Cc1cc(C(C)(C)C)c(O)c(C(C)(C)C)c1.Cl[Pd]Cl,7
[Pd].c1ccc(P(CCP(c2ccccc2)c2ccccc2)c2ccccc2)cc1.c1ccc(P(CCP(c2ccccc2)c2ccccc2)c2ccccc2)cc1,7
O=C(/C=C/c1ccccc1)/C=C/c1ccccc1.O=C(/C=C/c1ccccc1)/C=C/c1ccccc1.O=C(/C=C/c1ccccc1)/C=C/c1ccccc1.[Pd].[Pd].O=C(/C=C/c1ccccc1)/C=C/c1ccccc1.O=C(/C=C/c1ccccc1)/C=C/c1ccccc1.[Pd].c1ccc(P(c2ccccc2)c2ccccc2)cc1,7
O=C(/C=C/c1ccccc1)/C=C/c1ccccc1.O=C(/C=C/c1ccccc1)/C=C/c1ccccc1.O=C(/C=C/c1ccccc1)/C=C/c1ccccc1.[Pd].[Pd].O=C(C=Cc1ccccc1)C=Cc1ccccc1.O=C(C=Cc1ccccc1)C=Cc1ccccc1.[Pd],7
Cc1cc(C(C)(C)C)c(O)c(C(C)(C)C)c1.Cl[Pd](Cl)([P](c1ccccc1)(c1ccccc1)c1ccccc1)[P](c1ccccc1)(c1ccccc1)c1ccccc1,7
CC(=O)[O-].[Na+].Cl[Pd]Cl,7
Cl[Pd]Cl.[Fe+2].c1ccc(P(c2ccccc2)[c-]2cccc2)cc1.c1ccc(P(c2ccccc2)[c-]2cccc2)cc1.Cl[Pd]Cl.[Fe+2].c1ccc(P(c2ccccc2)[c-]2cccc2)cc1.c1ccc(P(c2ccccc2)[c-]2cccc2)cc1.Cl[Pd]Cl.[Fe+2].c1ccc(P(c2ccccc2)[c-]2cccc2)cc1.c1ccc(P(c2ccccc2)[c-]2cccc2)cc1,7
ClCCl.Cl[Pd]Cl.[CH]1[CH][CH][C](P(c2ccccc2)c2ccccc2)[CH]1.[CH]1[CH][CH][C](P(c2ccccc2)c2ccccc2)[CH]1.[Fe],7
CC(=O)[O-].CC(=O)[O-].[Rh+2].CC(=O)[O-].CC(=O)[O-].[Rh+2],7
CC(=O)[O-].CC(=O)[O-].[Pd+2].COc1cccc(N(C)c2ccccc2)c1P(C1CCCCC1)C1CCCCC1,7
ClCCl.Cl[Pd]Cl.[Fe+2].c1ccc(P(c2ccccc2)[c-]2cccc2)cc1.c1ccc(P(c2ccccc2)[c-]2cccc2)cc1.[Fe+2].c1ccc(P(c2ccccc2)[c-]2cccc2)cc1.c1ccc(P(c2ccccc2)[c-]2cccc2)cc1,7
COc1ccccc1-c1ccccc1P(C1CCCCC1)C1CCCCC1.O=C(/C=C/c1ccccc1)/C=C/c1ccccc1.O=C(/C=C/c1ccccc1)/C=C/c1ccccc1.O=C(/C=C/c1ccccc1)/C=C/c1ccccc1.[Pd].[Pd],7
[Pd+2].c1ccc(P(c2ccccc2)c2ccccc2)cc1,7
CC[P+](c1ccccc1)(c1ccccc1)c1ccccc1.[I-],7
O=S(=O)([O-])[O-].[Cu+2].Cl[Cu]Cl,7
[Br-].[Br-].[Br-].[Br-].[NH4+].[NH4+].[NH4+].[NH4+],7
CC(=O)[O-].CC(=O)[O-].[Pd+2].[Fe+2].c1ccc(P(c2ccccc2)[c-]2cccc2)cc1.c1ccc(P(c2ccccc2)[c-]2cccc2)cc1.[Cu]I,7
ClCCl.Cl[Pd]Cl.[Fe+2].c1ccc(P(c2ccccc2)[c-]2cccc2)cc1.c1ccc(P(c2ccccc2)[c-]2cccc2)cc1.[Pd],7
[Cu]I.[Zn],7
NC(N)=S,7
C1CCOC1.CN(C)C=O,7
CC(C)(C)P([c-]1cccc1)C(C)(C)C.[Fe+2].c1ccc(-c2c(-c3ccccc3)c(-c3ccccc3)[c-](-c3ccccc3)c2-c2ccccc2)cc1.[Cl-].[Cl-].[Zn+2].O=C(/C=C/c1ccccc1)/C=C/c1ccccc1.O=C(/C=C/c1ccccc1)/C=C/c1ccccc1.O=C(/C=C/c1ccccc1)/C=C/c1ccccc1.[Pd].[Pd],7
CCCC[N+](CCCC)(CCCC)CCCC.[Br-].O=S(=O)([O-])C(F)(F)F.O=S(=O)([O-])C(F)(F)F.[Zn+2],7
CC(=O)[O-].CC(=O)[O-].[Pd+2].CCCCPC12CC3CC(CC(C3)C1)C2,7
O.O.O.O.O.O.O=C([O-])C(=O)[O-].O=C([O-])C(=O)[O-].O=C([O-])C(=O)[O-].[Fe+3].[Fe+3],7
CC(C)(C)[PH+](C(C)(C)C)C(C)(C)C.F[B-](F)(F)F,7
ClC1=CCCC=CCC1.[Ir+].c1ccc(P(CCP(c2ccccc2)c2ccccc2)c2ccccc2)cc1,7
[Cu].[Pd],6
[Mn+4].[O-2].[O-2].[Pd],6
Cl[Pd]Cl.[Fe+2].c1ccc(P(c2ccccc2)[c-]2cccc2)cc1.c1ccc(P(c2ccccc2)[c-]2cccc2)cc1.CN(C)c1ccncc1,6
CCC(N)N(C)C,6
[Cl-].[Cl-].[Zn+2].[Zn],6
[Cl-].[Cl-].[Mn+2],6
[Ta],6
[Cl-].[Cl-].[Zn+2].Cl[Pd](Cl)([P](c1ccccc1)(c1ccccc1)c1ccccc1)[P](c1ccccc1)(c1ccccc1)c1ccccc1,6
OCCO,6
[Fe+2].c1ccc(P(c2ccccc2)[c-]2cccc2)cc1.c1ccc(P(c2ccccc2)[c-]2cccc2)cc1.O=C(C=Cc1ccccc1)C=Cc1ccccc1.O=C(C=Cc1ccccc1)C=Cc1ccccc1.O=C(C=Cc1ccccc1)C=Cc1ccccc1.[Pd].[Pd],6
CCCCCCCCCCCCCCCCCCCCCC(=O)[O-].[Ag+],6
CCCC[N+](CCCC)(CCCC)CCCC.[Cl-].O=S([O-])[O-].[Na+].[Na+],6
[O-][Cl+3]([O-])([O-])O.O=[Pt],6
O=S(=O)([O-])[O-].[Na+].[Na+],6
C[N+](C)(C)Cc1ccccc1.[OH-],6
[Cr+4].[O-2].[O-2],6
CCCC[N+](CCCC)(CCCC)CCCC.[Br-].CC1(C)CCCC(C)(C)N1[O],6
O=C(/C=C/c1ccccc1)/C=C/c1ccccc1.O=C(/C=C/c1ccccc1)/C=C/c1ccccc1.O=C(/C=C/c1ccccc1)/C=C/c1ccccc1.[Pd].[Pd].[Pd],6
[Cu+],6
[Ti+4],6
CCN(CC)CC.Cl,6
CCCC[N+](CCCC)(CCCC)CCCC.[Br-].[I-].[K+],6
CC(C)c1cccc(C(C)C)c1-n1ccn(-c2c(C(C)C)cccc2C(C)C)c1=[Pd].CC(C)c1cccc(C(C)C)c1-n1ccn(-c2c(C(C)C)cccc2C(C)C)c1=[Pd].O=C1C=CC(=O)c2ccccc21.O=C1C=CC(=O)c2ccccc21,6
c1ccc(-c2ccccc2P(C2CCCCC2)C2CCCCC2)cc1.O=C(/C=C/c1ccccc1)/C=C/c1ccccc1.O=C(/C=C/c1ccccc1)/C=C/c1ccccc1.O=C(/C=C/c1ccccc1)/C=C/c1ccccc1.[Pd].[Pd],6
CCCC[N+](CCCC)(CCCC)Cc1ccccc1.[Br-],6
[Cr+6].[O-2].[O-2].[O-2].[Cr+6].[O-2].[O-2].[O-2],6
Cl[Rh](Cl)Cl.c1ccc(P(c2ccccc2)c2ccccc2)cc1.c1ccc(P(c2ccccc2)c2ccccc2)cc1.c1ccc(P(c2ccccc2)c2ccccc2)cc1,6
C#CCBr.Cl[Hg]Cl,6
O=C([O-])[O-].[Na+].[Na+],6
CC(=O)[O-].CC(=O)[O-].[Pb+2].[Pd].c1ccc2ncccc2c1,6
[Cu+2],6
CC(=O)[O-].CC(=O)[O-].[Pd+2].CCCC[N+](CCCC)(CCCC)CCCC.[I-],6
O=C([O-])c1ccccc1.[Ag+],6
O=S(=O)([O-])[O-].[Ag+2].O=S(=O)([O-])[O-].[Ag+2],6
O=S(=O)([O-])C(F)(F)F.[Ag+].O=S(=O)([O-])C(F)(F)F.[Ag+],6
[Cs+].[F-],6
CCN=C=NCCCN(C)C.Cl,6
CC(Cl)Cl,6
CB1OC(c2ccccc2)(c2ccccc2)[C@H]2CCCN12,6
CC(=O)[O-].CC(=O)[O-].[Pd+2].CC[N+](CC)(CC)Cc1ccccc1.[Cl-],6
O.O.O.O.O.O=S(=O)([O-])[O-].[Cu+2].[Zn],6
Br[Cu]Br.[Cu],6
CC1=CCC2CC1C2(C)C,6
CC(C)[O-].CC(C)[O-].CC(C)[O-].[Cl-].[Ti+4],6
C1CCCC(N2CCCCCCN2)CCC1,6
O=C([O-])C(F)(F)F.O=C([O-])C(F)(F)F.[Pd+2],6
Cl[Pd]Cl.I[Cu]I,6
CN(C)c1ccncc1.Cl[Pd](Cl)([P](c1ccccc1)(c1ccccc1)c1ccccc1)[P](c1ccccc1)(c1ccccc1)c1ccccc1,6
Cl[Pd]Cl.[Fe+2].c1ccc(P(c2ccccc2)[c-]2cccc2)cc1.c1ccc(P(c2ccccc2)[c-]2cccc2)cc1.I[Cu]I,6
I[Cu]I.c1ccc([P]([Pd][P](c2ccccc2)(c2ccccc2)c2ccccc2)(c2ccccc2)c2ccccc2)cc1,6
c1ccc(Nc2ccc3ccccc3c2)cc1,6
CC(=O)[O-].[Ag+].[Zn],6
CCOP(=O)(C#N)OCC,6
CC(=O)[O-].CC(=O)[O-].[Pd+2].CC(=O)[O-].CC(=O)[O-].[Pd+2].Cc1ccccc1P(c1ccccc1C)c1ccccc1C,6
CC(=O)[O-].CC(=O)[O-].[Pd+2].CC(=O)[O-].CC(=O)[O-].[Pd+2].c1ccc(P(c2ccccc2)c2ccccc2)cc1,6
O=P([O-])(O)O.[K+],6
CC(C)(O)C#N,6
[Cl-].[Cl-].[Zn+2].BrCCBr.c1ccc([P](c2ccccc2)(c2ccccc2)[Ni]([P](c2ccccc2)(c2ccccc2)c2ccccc2)([P](c2ccccc2)(c2ccccc2)c2ccccc2)[P](c2ccccc2)(c2ccccc2)c2ccccc2)cc1,6
CC(=O)[O-].CC(=O)[O-].[Pd+2].[Fe+2].c1ccc(P(c2ccccc2)[c-]2cccc2)cc1.c1ccc(P(c2ccccc2)[c-]2cccc2)cc1.Cl[Cu],6
Cl[Pd]Cl.[Fe+2].c1ccc(P(c2ccccc2)[c-]2cccc2)cc1.c1ccc(P(c2ccccc2)[c-]2cccc2)cc1.[Br-].[Br-].[Zn+2],6
CC(C)(C)P([c-]1ccc(Cl)c1Cl)C(C)(C)C.CC(C)(C)P([c-]1cccc1)C(C)(C)C.[Fe+2].[Pd+2],6
CC(C)P(c1ccccc1)c1ccccc1.[Cl-].[Ni].c1ccc(Pc2ccccc2)cc1,6
C=C[Si](C)(C=C)O[Si](C)(C)C.C=C[Si](C)(C=C)O[Si](C)(C)C.C=C[Si](C)(C=C)O[Si](C)(C)C.[Pt].[Pt],6
O.O=[Ru],6
Cl[Pd]Cl.N#Cc1ccccc1.N#Cc1ccccc1.c1ccc(P(CCCCP(c2ccccc2)c2ccccc2)c2ccccc2)cc1,6
Cl.O=C(/C=C/c1ccccc1)/C=C/c1ccccc1.O=C(/C=C/c1ccccc1)/C=C/c1ccccc1.O=C(/C=C/c1ccccc1)/C=C/c1ccccc1.[Pd].[Pd],6
CC(C)(C)c1ccc(O)c(O)c1.II,6
Cl[Ni](Cl)([P](c1ccccc1)(c1ccccc1)c1ccccc1)[P](c1ccccc1)(c1ccccc1)c1ccccc1.[Zn],6
C1=CC([Zr+2]C2C=CC=C2)C=C1.[Cl-].[H-],6
Cc1ccccc1[P]([Pd][P](c1ccccc1C)(c1ccccc1C)c1ccccc1C)(c1ccccc1C)c1ccccc1C,6
Br[Ni]Br.[Zn],6
CC(=O)[O-].CC(=O)[O-].[Pd+2].COc1ccc(S(=O)(=O)[O-])c(OC)c1-c1ccccc1P(C1CCCCC1)C1CCCCC1.[Na+].[Pd],6
ClOCl.[W],6
CCCC[N+](CCCC)(CCCC)CCCC.[Br-].CC(=O)O.CC(=O)O.[Pd],6
Cl[Ru]Cl.c1ccc(C([PH](C2CCCCC2)(C2CCCCC2)C2CCCCC2)[PH](C2CCCCC2)(C2CCCCC2)C2CCCCC2)cc1,6
CC(C)n1ccn(C(C)C)c1=[Pd-3](Cl)(Cl)c1ncccc1Cl,6
CC(=O)[O-].CC(=O)[O-].CC1(C)c2cccc(P(c3ccccc3)c3ccccc3)c2Oc2c(P(c3ccccc3)c3ccccc3)cccc21.[Pd+2].CC(=O)[O-].CC(=O)[O-].[Pd+2],6
CSC.[Cu]Br,6
[Cu+].[I+],6
CC[N+](CC)(CC)CC.[Cl-].Cl[Pd](Cl)([P](c1ccccc1)(c1ccccc1)c1ccccc1)[P](c1ccccc1)(c1ccccc1)c1ccccc1.[Pd],6
O.O.O=[Os](=O)([O-])[O-].[K+].[K+],6
CC(C)(C)P[Pd-2]PC(C)(C)C,6
Cl[Pd-2](Cl)([PH](c1ccccc1)(c1ccccc1)c1ccccc1)[PH](c1ccccc1)(c1ccccc1)c1ccccc1.Cl[Pd-2](Cl)([PH](c1ccccc1)(c1ccccc1)c1ccccc1)[PH](c1ccccc1)(c1ccccc1)c1ccccc1,6
C1C[C@@H]2C[C@H]1CC2PC1C[C@@H]2CC[C@H]1C2.CN(C)c1ccccc1-c1ccccc1[Pd]Cl,6
CC#N.CC#N.Cl[Pd]Cl.Cc1ccccc1,6
CC(=O)O.CC(=O)O.[CH2-]c1ccccc1P(c1ccccc1C)c1ccccc1C.[CH2-]c1ccccc1P(c1ccccc1C)c1ccccc1C.[Pd].[Pd].[C-]#[O+].[C-]#[O+].[C-]#[O+].[C-]#[O+].[C-]#[O+].[C-]#[O+].[Mo].CN(C)c1ccncc1,6
C1CCC(P(C2CCCCC2)C2CCCCC2)CC1.Cl[Pd](Cl)([P](c1ccccc1)(c1ccccc1)c1ccccc1)[P](c1ccccc1)(c1ccccc1)c1ccccc1,6
C1=C\CC/C=C\CC/1.C[C@H]1CC[C@H](C)P1CCP1[C@@H](C)CC[C@@H]1C.F[B-](F)(F)F.[Rh],6
[F-].[F-].[Zn+2].CC(C)(C)[P]([Pd][P](C(C)(C)C)(C(C)(C)C)C(C)(C)C)(C(C)(C)C)C(C)(C)C,6
O=[Pt]=O.[C].[Rh],6
O=C([O-])c1cccs1.[Cu+].O=C(/C=C/c1ccccc1)/C=C/c1ccccc1.O=C(/C=C/c1ccccc1)/C=C/c1ccccc1.O=C(/C=C/c1ccccc1)/C=C/c1ccccc1.[Pd].[Pd],6
ClC1=CC=CCCCC1.[Rh+],6
[Cl-].[Cl-].[Ti+2],5
[H][H].[Pt],5
O=C([O-])c1cccs1.O=C([O-])c1cccs1.[Cu+2].ClC(Cl)Cl.O=C(/C=C/c1ccccc1)/C=C/c1ccccc1.O=C(/C=C/c1ccccc1)/C=C/c1ccccc1.O=C(/C=C/c1ccccc1)/C=C/c1ccccc1.[Pd].[Pd],5
O[Pd]O,5
O=S(=O)([O-])[O-].[Ba+2].[Pd].O=S(=O)([O-])[O-].[Ba+2].[Pd],5
COc1ccc(C2CCCC(c3ccc(OC)c(OC)c3)O2)cc1OC,5
CC(=O)[O-].CC(=O)[O-].[Zn+2].[C-]#N.[C-]#N.[Zn+2].[Fe+2].c1ccc(P(c2ccccc2)[c-]2cccc2)cc1.c1ccc(P(c2ccccc2)[c-]2cccc2)cc1.O=C(/C=C/c1ccccc1)/C=C/c1ccccc1.O=C(/C=C/c1ccccc1)/C=C/c1ccccc1.O=C(/C=C/c1ccccc1)/C=C/c1ccccc1.[Pd].[Pd].[Zn],5
[C-]#N.[C-]#N.[Zn+2].[Fe+2].c1cc[cH-]c1.c1ccc(P(c2ccccc2)[c-]2cccc2)cc1,5
O=S([O-])O.[Na+],5
Cc1ccc(S(=O)(=O)[O-])cc1.c1cc[nH+]cc1.Cc1ccc(S(=O)(=O)[O-])cc1.c1cc[nH+]cc1,5
Cl[Pd]Cl.[Fe+2].c1ccc(P(c2ccccc2)[c-]2cccc2)cc1.c1ccc(P(c2ccccc2)[c-]2cccc2)cc1.[Zn],5
Cl[Ni]Cl.O.O,5
O=[N+]([O-])[O-].[Ag+].O=[Ag],5
CC[N+](CC)(CC)CC.CC[N+](CC)(CC)CC.O=C([O-])c1ccc(C(=O)[O-])cc1,5
[Cl-].[Cl-].[Ti+2].c1cc[cH-]c1.c1cc[cH-]c1,5
O=[Ag-].O=[Ag-],5
[Br-].[Na+],5
O=[W](=O)(O)O,5
[Sc],5
CC(O)CC(C)(C)OO,5
[Cl-].[Cl-].[Zn+2].CC(C)(C)[P]([Pd][P](C(C)(C)C)(C(C)(C)C)C(C)(C)C)(C(C)(C)C)C(C)(C)C,5
O=C([O-])C(=O)[O-].O=C([O-])C(=O)[O-].[Sn+4],5
CC1=C(C)C(C)([Rh+]Cl)C(C)=C1C.Cc1ccc(S(=O)(=O)N[C@@H](c2ccccc2)[C@@H](N)c2ccccc2)cc1,5
[Cl-].[Cl-].[Ru+2].c1ccc(P(c2ccccc2)c2ccccc2)cc1.c1ccc(P(c2ccccc2)c2ccccc2)cc1.c1ccc(P(c2ccccc2)c2ccccc2)cc1.[Fe],5
C=O.[Rh].c1ccc(P(c2ccccc2)c2ccccc2)cc1.c1ccc(P(c2ccccc2)c2ccccc2)cc1.c1ccc(P(c2ccccc2)c2ccccc2)cc1,5
C[Si](C)(C)Cl,5
[Cu].[Hg].[Na],5
CCCCN,5
N[C@@H]1CCCC[C@H]1N.[Cu]I,5
CN(C)[c-]1cccc1P(c1ccccc1)c1ccccc1.[Fe+2].c1cc[cH-]c1.O=C(/C=C/c1ccccc1)/C=C/c1ccccc1.O=C(/C=C/c1ccccc1)/C=C/c1ccccc1.O=C(/C=C/c1ccccc1)/C=C/c1ccccc1.[Pd].[Pd],5
CC(C)(C)P(C(C)(C)C)C(C)(C)C.O=C(/C=C/c1ccccc1)/C=C/c1ccccc1.O=C(/C=C/c1ccccc1)/C=C/c1ccccc1.[Pd],5
CC(=O)[O-].CC(=O)[O-].[Pd+2].CC(C)c1cc(C(C)C)c(-c2ccccc2P(C2CCCCC2)C2CCCCC2)c(C(C)C)c1,5
[BH3-]C#N.[Cl-].[Cl-].[Na+].[Zn+2].[Cl-].[Cl-].[Zn+2],5
CC(=O)[O-].CC(=O)[O-].[Pd+2].CC(C)(C)P(c1ccc2ccccc2c1-c1cccc2ccccc12)C(C)(C)C,5
CCCC[N+](CCCC)(CCCC)CCCC.[I-].[Cu]I,5
O.O.O.O.O.O=S(=O)([O-])[O-].[Cu+2].[Cu],5
CN1CCCC1=O,5
[Fe+2].c1ccc(P(c2ccccc2)c2ccc[cH-]2)cc1.c1ccc(P(c2ccccc2)c2ccc[cH-]2)cc1,5
CC(=O)[O-].CC(=O)[O-].O.O.O.O.[Co+2].CC(=O)[O-].CC(=O)[O-].O.O.O.O.[Mn+2],5
C[C]1[C](C)[C](C)[C](C)[C]1C.C[C]1[C](C)[C](C)[C](C)[C]1C.Cl[Rh]Cl.Cl[Rh]Cl,5
CN(C)c1ccncc1.Cl[Ti](Cl)(Cl)Cl,5
CC(=O)/C=C(/C)O.CC(=O)/C=C(/C)O.CC(=O)/C=C(/C)O.[Fe],5
COc1cccc(Oc2cccc(F)c2NC(=O)Nc2nccs2)c1OC,5
CCCCCC(=O)O.c1ccncc1,5
CC(C)O[Ti](Cl)(OC(C)C)OC(C)C,5
O=C([O-])c1ccccc1.O=C([O-])c1ccccc1.[Cu+2],5
NC(=O)c1ccc[n+]([C@@H]2O[C@H](COP(=O)(O)OP(=O)(O)OC[C@H]3O[C@@H](n4cnc5c(N)ncnc54)[C@H](O)[C@@H]3O)[C@@H](O)[C@H]2O)c1,5
c1ccc(P(c2ccccc2)c2ccc3ccccc3c2-c2c(P(c3ccccc3)c3ccccc3)ccc3ccccc23)cc1.[C].[Pd],5
OB(O)O,5
Cc1ccc(S(=O)(=O)O)cc1.Oc1ccc(O)cc1,5
N#C[Ag],5
Cc1cc(Cc2cc(C)cc(C(C)(C)C)c2O)c(O)c(C(C)(C)C)c1,5
C[N+](C)(C)CC(=O)NN.[Cl-],5
CC(C)c1cc(C(C)C)c(-c2ccccc2P(C2CCCCC2)C2CCCCC2)c(C(C)C)c1.CC#N.CC#N.Cl[Pd]Cl,5
[Cl-].[Cl-].[Pd+2].c1ccc(P(c2ccccc2)c2ccccc2)cc1.c1ccc(P(c2ccccc2)c2ccccc2)cc1.[Cu]I,5
Cl[Cu].Cl[Pd](Cl)([P](c1ccccc1)(c1ccccc1)c1ccccc1)[P](c1ccccc1)(c1ccccc1)c1ccccc1,5
CCCCCCCCCCCCCCCCCC[N+](C)(C)CCC[Si](OC)(OC)OC.[Cl-],5
[Na+].[OH-].CCCCC=C1CCCC1=O,5
CC(=O)[O-].CC(=O)[O-].[Pd+2].CCCC[N+](CCCC)(CCCC)CCCC.[Br-].c1ccc(P(c2ccccc2)c2ccccc2)cc1,5
CCN(CC)CC.O=S(=O)(O)O,5
CCCCCC[N+](CCCCCC)(CCCCCC)CCCCCC.[Cl-].Oc1ccc(O)cc1,5
O=C(C=Cc1ccccc1)C=Cc1ccccc1.O=C(C=Cc1ccccc1)C=Cc1ccccc1.O=C(C=Cc1ccccc1)C=Cc1ccccc1.[Pd+2],5
CC(=O)[O-].CC(=O)[O-].[Pd+2].[Cu],5
CC1(C)c2cccc(P(c3ccccc3)c3ccccc3)c2Oc2c(P(c3ccccc3)c3ccccc3)cccc21.O=C(C=Cc1ccccc1)C=Cc1ccccc1.O=C(C=Cc1ccccc1)C=Cc1ccccc1.O=C(C=Cc1ccccc1)C=Cc1ccccc1.[Pd].[Pd],5
Cl[Pd-]([PH](c1ccccc1)(c1ccccc1)c1ccccc1)[PH](c1ccccc1)(c1ccccc1)c1ccccc1.[Cu]I,5
[Fe+2].c1ccc(P(c2ccccc2)[c-]2cccc2)cc1.c1ccc(P(c2ccccc2)[c-]2cccc2)cc1.CC#N.CC#N.Cl[Pd]Cl,5
CCOC(=O)C(Br)(Br)C(=O)OCC,5
CC(=O)[O-].CC(=O)[O-].O.[Cu+2].[Cr+6].[O-2].[O-2].[O-2].[Cu].[Zn].[Zn],5
Cc1ccccc1P(c1ccccc1C)c1ccccc1C.Cc1ccccc1P(c1ccccc1C)c1ccccc1C.Cl[Pd]Cl,5
Cl[Pd](Cl)([P](c1ccccc1)(c1ccccc1)c1ccccc1)[P](c1ccccc1)(c1ccccc1)c1ccccc1.[Zn],5
NC(=O)c1ccc[n+]([C@@H]2O[C@H](COP(=O)([O-])OP(=O)(O)OC[C@H]3O[C@@H](n4cnc5c(N)ncnc54)[C@H](O)[C@@H]3O)[C@@H](O)[C@H]2O)c1,5
[O-][Cl+3]([O-])([O-])[O-].[Rh+],5
CN(C)c1ccncc1.[W],5
c1ccc(P(CCCCP(c2ccccc2)c2ccccc2)c2ccccc2)cc1,5
CC(C)c1cc(S(=O)(=O)[O-])cc(C(C)C)c1-c1ccccc1P(C1CCCCC1)C1CCCCC1.[Na+],5
[Cl-].[Cl-].[Zn+2].O=C(/C=C/c1ccccc1)/C=C/c1ccccc1.O=C(/C=C/c1ccccc1)/C=C/c1ccccc1.O=C(/C=C/c1ccccc1)/C=C/c1ccccc1.[Pd].[Pd],5
O.O.O.O.O.O=S(=O)([O-])[O-].[Cu+2].O.O.O.O.O.O=S(=O)([O-])[O-].[Cu+2],5
O=C(/C=C/c1ccccc1)/C=C/c1ccccc1.O=C(/C=C/c1ccccc1)/C=C/c1ccccc1.O=C(/C=C/c1ccccc1)/C=C/c1ccccc1.[Pd].[Pd].O=C(/C=C/c1ccccc1)/C=C/c1ccccc1.O=C(/C=C/c1ccccc1)/C=C/c1ccccc1.[Pd],5
Cl[Pd-2](Cl)(c1ccccc1)c1ccccc1.c1ccc(P(c2ccccc2)c2ccccc2)cc1,5
CCCO,5
CCOCC.Cl[Zn]Cl,5
CC(=O)[O-].CC(=O)[O-].[Pd+2].CC(=O)[O-].CC(=O)[O-].[Pd+2].c1ccc(P(CCCP(c2ccccc2)c2ccccc2)c2ccccc2)cc1,5
O=C1OCCO1,5
Cc1cc(C)c(N2CCN(c3c(C)cc(C)cc3C)C2=[Ru](Cl)(Cl)=Cc2ccccc2OC(C)C)c(C)c1.[Cu]I,5
Cl[Pd]Cl.[Fe+2].c1ccc(P(c2ccccc2)[c-]2cccc2)cc1.c1ccc(P(c2ccccc2)[c-]2cccc2)cc1.ClCCl,5
[Fe+2].c1cc[cH-]c1.c1cc[cH-]c1,5
Cl[Pd]Cl.[Fe+2].c1ccc(P(c2ccccc2)[c-]2cccc2)cc1.c1ccc(P(c2ccccc2)[c-]2cccc2)cc1.CC1(C)c2cccc(P(c3ccccc3)c3ccccc3)c2Oc2c(P(c3ccccc3)c3ccccc3)cccc21,5
Cl[Pd]Cl.c1ccc(P(c2ccccc2)c2ccccc2)cc1.c1ccc(P(c2ccccc2)c2ccccc2)cc1.O=[Ag],5
CC(=O)[O-].CC(=O)[O-].O.[Cu+2].CC(=O)[O-].CC(=O)[O-].[Cu+2].CC(=O)[O-].CC(=O)[O-].[Cu+2].CCN(CC)CC,5
ClCCl.Cl[Pd]Cl.[Fe+2].c1ccc(P(c2ccccc2)[c-]2cccc2)cc1.c1ccc(P(c2ccccc2)[c-]2cccc2)cc1.I[Cu]I,5
CCCC[N+](CCCC)(CCCC)CCCC.[I-].O=C(/C=C/c1ccccc1)/C=C/c1ccccc1.O=C(/C=C/c1ccccc1)/C=C/c1ccccc1.O=C(/C=C/c1ccccc1)/C=C/c1ccccc1.[Pd].[Pd],5
[Cu]I.[Pd].c1ccc([P](c2ccccc2)(c2ccccc2)[Pd]([P](c2ccccc2)(c2ccccc2)c2ccccc2)([P](c2ccccc2)(c2ccccc2)c2ccccc2)[P](c2ccccc2)(c2ccccc2)c2ccccc2)cc1,5
B1CCON1,5
CC(C)(C)c1ccnc(-c2cc(C(C)(C)C)ccn2)c1,5
[F-].[F-].[Zn+2].O=C(/C=C/c1ccccc1)/C=C/c1ccccc1.O=C(/C=C/c1ccccc1)/C=C/c1ccccc1.O=C(/C=C/c1ccccc1)/C=C/c1ccccc1.[Pd].[Pd],5
Cl[Pd]Cl.[Fe+2].c1ccc(P(c2ccccc2)[c-]2cccc2)cc1.c1ccc(P(c2ccccc2)[c-]2cccc2)cc1.[Cu]I.[Zn],5
[Fe+2].c1ccc(P(c2ccccc2)[c-]2cccc2)cc1.c1ccc(P(c2ccccc2)[c-]2cccc2)cc1.O=C(C=Cc1ccccc1)C=Cc1ccccc1.O=C(C=Cc1ccccc1)C=Cc1ccccc1.[Pd],5
CC[N+](CC)(CC)Cc1ccccc1.[Cl-].O=[Os](=O)(=O)=O,5
I[Ni]I,5
O=C(O)C(F)(F)F.[Mn],5
O.O=S(=O)([O-])C(F)(F)F.O=S(=O)([O-])C(F)(F)F.O=S(=O)([O-])C(F)(F)F.[Yb+3],5
F[Zn]F,5
CC(=O)[O-].CC(=O)[O-].[Pd+2].CCCCP(C12CC3CC(CC(C3)C1)C2)C12CC3CC(CC(C3)C1)C2,5
CC(=O)[O-].CC(=O)[O-].[Pd+2].CC(C)(C)P(C(C)(C)C)C(C)(C)C.F[B-](F)(F)F.[H+].[Cl-].[Cl-].[Zn+2],5
COc1ccc(OC)c(P(C(C)(C)C)C(C)(C)C)c1-c1c(C(C)C)cc(C(C)C)cc1C(C)C.O=C(/C=C/c1ccccc1)/C=C/c1ccccc1.O=C(/C=C/c1ccccc1)/C=C/c1ccccc1.O=C(/C=C/c1ccccc1)/C=C/c1ccccc1.[Pd].[Pd],5
CC[O-].CC[O-].CC[O-].CC[O-].[Ti+4].CC[O-].CC[O-].CC[O-].CC[O-].[Ti+4].CC[O-].CC[O-].CC[O-].CC[O-].[Ti+4],5
CC(C)c1cc(C(=O)O[Cu])c(O)c(C(C)C)c1,5
